2025-10-21 14:18:09,335 [main] INFO  com.crossmade.pdv.PdvApplication - Starting PdvApplication using Java 21.0.8 with PID 8322 (/home/dev2/Documents/Java/PDV/backend/target/classes started by dev2 in /home/dev2/Documents/Java/PDV/backend)
2025-10-21 14:18:09,351 [main] DEBUG com.crossmade.pdv.PdvApplication - Running with Spring Boot v3.5.4, Spring v6.2.9
2025-10-21 14:18:09,353 [main] INFO  com.crossmade.pdv.PdvApplication - No active profile set, falling back to 1 default profile: "default"
2025-10-21 14:18:10,711 [main] INFO  o.s.d.r.c.RepositoryConfigurationDelegate - Bootstrapping Spring Data JPA repositories in DEFAULT mode.
2025-10-21 14:18:10,825 [main] INFO  o.s.d.r.c.RepositoryConfigurationDelegate - Finished Spring Data repository scanning in 97 ms. Found 7 JPA repository interfaces.
2025-10-21 14:18:12,122 [main] INFO  o.s.b.w.e.tomcat.TomcatWebServer - Tomcat initialized with port 8080 (http)
2025-10-21 14:18:12,138 [main] INFO  o.a.catalina.core.StandardService - Starting service [Tomcat]
2025-10-21 14:18:12,139 [main] INFO  o.a.catalina.core.StandardEngine - Starting Servlet engine: [Apache Tomcat/10.1.43]
2025-10-21 14:18:12,188 [main] INFO  o.a.c.c.C.[Tomcat].[localhost].[/] - Initializing Spring embedded WebApplicationContext
2025-10-21 14:18:12,189 [main] INFO  o.s.b.w.s.c.ServletWebServerApplicationContext - Root WebApplicationContext: initialization completed in 2690 ms
2025-10-21 14:18:12,481 [main] INFO  o.h.jpa.internal.util.LogHelper - HHH000204: Processing PersistenceUnitInfo [name: default]
2025-10-21 14:18:12,587 [main] INFO  org.hibernate.Version - HHH000412: Hibernate ORM core version 6.6.22.Final
2025-10-21 14:18:12,645 [main] INFO  o.h.c.i.RegionFactoryInitiator - HHH000026: Second-level cache disabled
2025-10-21 14:18:13,145 [main] INFO  o.s.o.j.p.SpringPersistenceUnitInfo - No LoadTimeWeaver setup: ignoring JPA class transformer
2025-10-21 14:18:13,187 [main] INFO  com.zaxxer.hikari.HikariDataSource - HikariPool-1 - Starting...
2025-10-21 14:18:13,615 [main] INFO  com.zaxxer.hikari.pool.HikariPool - HikariPool-1 - Added connection org.postgresql.jdbc.PgConnection@6f8ac8d5
2025-10-21 14:18:13,617 [main] INFO  com.zaxxer.hikari.HikariDataSource - HikariPool-1 - Start completed.
2025-10-21 14:18:13,706 [main] WARN  org.hibernate.orm.deprecation - HHH90000025: PostgreSQLDialect does not need to be specified explicitly using 'hibernate.dialect' (remove the property setting and it will be selected by default)
2025-10-21 14:18:13,734 [main] INFO  o.hibernate.orm.connections.pooling - HHH10001005: Database info:
	Database JDBC URL [Connecting through datasource 'HikariDataSource (HikariPool-1)']
	Database driver: undefined/unknown
	Database version: 16.10
	Autocommit mode: undefined/unknown
	Isolation level: undefined/unknown
	Minimum pool size: undefined/unknown
	Maximum pool size: undefined/unknown
2025-10-21 14:18:15,047 [main] INFO  o.h.e.t.j.p.i.JtaPlatformInitiator - HHH000489: No JTA platform available (set 'hibernate.transaction.jta.platform' to enable JTA platform integration)
2025-10-21 14:18:15,414 [main] INFO  o.s.o.j.LocalContainerEntityManagerFactoryBean - Initialized JPA EntityManagerFactory for persistence unit 'default'
2025-10-21 14:18:15,802 [main] DEBUG c.c.p.a.u.s.JwtFiltroDeAutenticacao - Filter 'jwtFiltroDeAutenticacao' configured for use
2025-10-21 14:18:16,069 [main] INFO  o.s.d.j.r.query.QueryEnhancerFactory - Hibernate is in classpath; If applicable, HQL parser will be used.
2025-10-21 14:18:16,269 [main] INFO  o.s.s.c.a.a.c.InitializeAuthenticationProviderBeanManagerConfigurer$InitializeAuthenticationProviderManagerConfigurer - Global AuthenticationManager configured with AuthenticationProvider bean with name authenticationProvider
2025-10-21 14:18:16,272 [main] WARN  o.s.s.c.a.a.c.InitializeUserDetailsBeanManagerConfigurer$InitializeUserDetailsManagerConfigurer - Global AuthenticationManager configured with an AuthenticationProvider bean. UserDetailsService beans will not be used by Spring Security for automatically configuring username/password login. Consider removing the AuthenticationProvider bean. Alternatively, consider using the UserDetailsService in a manually instantiated DaoAuthenticationProvider. If the current configuration is intentional, to turn off this warning, increase the logging level of 'org.springframework.security.config.annotation.authentication.configuration.InitializeUserDetailsBeanManagerConfigurer' to ERROR
2025-10-21 14:18:16,348 [main] WARN  o.s.b.a.o.j.JpaBaseConfiguration$JpaWebConfiguration - spring.jpa.open-in-view is enabled by default. Therefore, database queries may be performed during view rendering. Explicitly configure spring.jpa.open-in-view to disable this warning
2025-10-21 14:18:17,300 [main] INFO  o.s.b.w.e.tomcat.TomcatWebServer - Tomcat started on port 8080 (http) with context path '/'
2025-10-21 14:18:17,314 [main] INFO  com.crossmade.pdv.PdvApplication - Started PdvApplication in 8.846 seconds (process running for 9.509)
2025-10-21 15:02:51,842 [SpringApplicationShutdownHook] INFO  o.s.b.w.e.tomcat.GracefulShutdown - Commencing graceful shutdown. Waiting for active requests to complete
2025-10-21 15:02:51,847 [tomcat-shutdown] INFO  o.s.b.w.e.tomcat.GracefulShutdown - Graceful shutdown complete
2025-10-21 15:02:51,859 [SpringApplicationShutdownHook] INFO  o.s.o.j.LocalContainerEntityManagerFactoryBean - Closing JPA EntityManagerFactory for persistence unit 'default'
2025-10-21 15:02:51,863 [SpringApplicationShutdownHook] INFO  com.zaxxer.hikari.HikariDataSource - HikariPool-1 - Shutdown initiated...
2025-10-21 15:02:51,869 [SpringApplicationShutdownHook] INFO  com.zaxxer.hikari.HikariDataSource - HikariPool-1 - Shutdown completed.
2025-10-21 15:03:05,980 [main] INFO  com.crossmade.pdv.PdvApplication - Starting PdvApplication using Java 21.0.8 with PID 39464 (/home/dev2/Documents/Java/PDV/backend/target/classes started by dev2 in /home/dev2/Documents/Java/PDV/backend)
2025-10-21 15:03:05,982 [main] DEBUG com.crossmade.pdv.PdvApplication - Running with Spring Boot v3.5.4, Spring v6.2.9
2025-10-21 15:03:05,984 [main] INFO  com.crossmade.pdv.PdvApplication - No active profile set, falling back to 1 default profile: "default"
2025-10-21 15:03:07,255 [main] INFO  o.s.d.r.c.RepositoryConfigurationDelegate - Bootstrapping Spring Data JPA repositories in DEFAULT mode.
2025-10-21 15:03:07,377 [main] INFO  o.s.d.r.c.RepositoryConfigurationDelegate - Finished Spring Data repository scanning in 107 ms. Found 7 JPA repository interfaces.
2025-10-21 15:03:08,211 [main] INFO  o.s.b.w.e.tomcat.TomcatWebServer - Tomcat initialized with port 8080 (http)
2025-10-21 15:03:08,232 [main] INFO  o.a.catalina.core.StandardService - Starting service [Tomcat]
2025-10-21 15:03:08,233 [main] INFO  o.a.catalina.core.StandardEngine - Starting Servlet engine: [Apache Tomcat/10.1.43]
2025-10-21 15:03:08,346 [main] INFO  o.a.c.c.C.[Tomcat].[localhost].[/] - Initializing Spring embedded WebApplicationContext
2025-10-21 15:03:08,347 [main] INFO  o.s.b.w.s.c.ServletWebServerApplicationContext - Root WebApplicationContext: initialization completed in 2290 ms
2025-10-21 15:03:08,627 [main] INFO  o.h.jpa.internal.util.LogHelper - HHH000204: Processing PersistenceUnitInfo [name: default]
2025-10-21 15:03:08,688 [main] INFO  org.hibernate.Version - HHH000412: Hibernate ORM core version 6.6.22.Final
2025-10-21 15:03:08,738 [main] INFO  o.h.c.i.RegionFactoryInitiator - HHH000026: Second-level cache disabled
2025-10-21 15:03:09,108 [main] INFO  o.s.o.j.p.SpringPersistenceUnitInfo - No LoadTimeWeaver setup: ignoring JPA class transformer
2025-10-21 15:03:09,148 [main] INFO  com.zaxxer.hikari.HikariDataSource - HikariPool-1 - Starting...
2025-10-21 15:03:09,397 [main] INFO  com.zaxxer.hikari.pool.HikariPool - HikariPool-1 - Added connection org.postgresql.jdbc.PgConnection@5a7e81
2025-10-21 15:03:09,400 [main] INFO  com.zaxxer.hikari.HikariDataSource - HikariPool-1 - Start completed.
2025-10-21 15:03:09,433 [main] WARN  org.hibernate.orm.deprecation - HHH90000025: PostgreSQLDialect does not need to be specified explicitly using 'hibernate.dialect' (remove the property setting and it will be selected by default)
2025-10-21 15:03:09,458 [main] INFO  o.hibernate.orm.connections.pooling - HHH10001005: Database info:
	Database JDBC URL [Connecting through datasource 'HikariDataSource (HikariPool-1)']
	Database driver: undefined/unknown
	Database version: 16.10
	Autocommit mode: undefined/unknown
	Isolation level: undefined/unknown
	Minimum pool size: undefined/unknown
	Maximum pool size: undefined/unknown
2025-10-21 15:03:11,161 [main] INFO  o.h.e.t.j.p.i.JtaPlatformInitiator - HHH000489: No JTA platform available (set 'hibernate.transaction.jta.platform' to enable JTA platform integration)
2025-10-21 15:03:11,452 [main] INFO  o.s.o.j.LocalContainerEntityManagerFactoryBean - Initialized JPA EntityManagerFactory for persistence unit 'default'
2025-10-21 15:03:11,818 [main] DEBUG c.c.p.a.u.s.JwtFiltroDeAutenticacao - Filter 'jwtFiltroDeAutenticacao' configured for use
2025-10-21 15:03:12,092 [main] INFO  o.s.d.j.r.query.QueryEnhancerFactory - Hibernate is in classpath; If applicable, HQL parser will be used.
2025-10-21 15:03:12,203 [main] INFO  o.s.s.c.a.a.c.InitializeAuthenticationProviderBeanManagerConfigurer$InitializeAuthenticationProviderManagerConfigurer - Global AuthenticationManager configured with AuthenticationProvider bean with name authenticationProvider
2025-10-21 15:03:12,204 [main] WARN  o.s.s.c.a.a.c.InitializeUserDetailsBeanManagerConfigurer$InitializeUserDetailsManagerConfigurer - Global AuthenticationManager configured with an AuthenticationProvider bean. UserDetailsService beans will not be used by Spring Security for automatically configuring username/password login. Consider removing the AuthenticationProvider bean. Alternatively, consider using the UserDetailsService in a manually instantiated DaoAuthenticationProvider. If the current configuration is intentional, to turn off this warning, increase the logging level of 'org.springframework.security.config.annotation.authentication.configuration.InitializeUserDetailsBeanManagerConfigurer' to ERROR
2025-10-21 15:03:12,260 [main] WARN  o.s.b.a.o.j.JpaBaseConfiguration$JpaWebConfiguration - spring.jpa.open-in-view is enabled by default. Therefore, database queries may be performed during view rendering. Explicitly configure spring.jpa.open-in-view to disable this warning
2025-10-21 15:03:13,021 [main] INFO  o.s.b.w.e.tomcat.TomcatWebServer - Tomcat started on port 8080 (http) with context path '/'
2025-10-21 15:03:13,033 [main] INFO  com.crossmade.pdv.PdvApplication - Started PdvApplication in 7.939 seconds (process running for 9.393)
2025-10-21 15:18:23,088 [http-nio-8080-exec-1] INFO  o.a.c.c.C.[Tomcat].[localhost].[/] - Initializing Spring DispatcherServlet 'dispatcherServlet'
2025-10-21 15:18:23,089 [http-nio-8080-exec-1] INFO  o.s.web.servlet.DispatcherServlet - Initializing Servlet 'dispatcherServlet'
2025-10-21 15:18:23,092 [http-nio-8080-exec-1] INFO  o.s.web.servlet.DispatcherServlet - Completed initialization in 3 ms
2025-10-21 15:18:34,574 [http-nio-8080-exec-3] INFO  c.c.p.a.u.s.AutenticacaoService - Usuário logado com sucesso: Janaina
2025-10-21 15:18:34,663 [http-nio-8080-exec-3] INFO  c.c.p.a.u.s.AutenticacaoService - Usuário logado com sucesso: Janaina
2025-10-21 15:18:56,076 [http-nio-8080-exec-4] INFO  c.c.p.a.u.s.AutenticacaoService - Usuário logado com sucesso: Janaina
2025-10-21 15:23:11,460 [http-nio-8080-exec-9] INFO  c.c.p.a.u.s.AutenticacaoService - Usuário logado com sucesso: Janaina
2025-10-21 15:23:11,549 [http-nio-8080-exec-9] INFO  c.c.p.a.u.s.AutenticacaoService - Usuário logado com sucesso: Janaina
2025-10-21 15:23:17,226 [http-nio-8080-exec-10] INFO  c.c.p.a.u.s.AutenticacaoService - Usuário logado com sucesso: Janaina
2025-10-21 15:23:17,272 [http-nio-8080-exec-4] INFO  c.c.p.a.u.s.AutenticacaoService - Usuário logado com sucesso: Janaina
2025-10-21 15:23:17,287 [http-nio-8080-exec-1] INFO  c.c.p.a.u.s.AutenticacaoService - Usuário logado com sucesso: Janaina
2025-10-21 15:25:19,795 [http-nio-8080-exec-9] INFO  c.c.p.a.u.s.AutenticacaoService - Usuário logado com sucesso: Janaina
2025-10-21 15:25:41,691 [HikariPool-1:housekeeper] WARN  com.zaxxer.hikari.pool.HikariPool - HikariPool-1 - Thread starvation or clock leap detected (housekeeper delta=51s878ms275µs268ns).
2025-10-21 15:34:09,480 [http-nio-8080-exec-3] INFO  c.c.p.a.u.s.AutenticacaoService - Usuário logado com sucesso: Janaina
2025-10-21 15:34:11,010 [http-nio-8080-exec-10] INFO  c.c.p.a.u.s.AutenticacaoService - Usuário logado com sucesso: Janaina
2025-10-21 15:34:11,757 [http-nio-8080-exec-4] INFO  c.c.p.a.u.s.AutenticacaoService - Usuário logado com sucesso: Janaina
2025-10-21 15:34:12,774 [http-nio-8080-exec-6] INFO  c.c.p.a.u.s.AutenticacaoService - Usuário logado com sucesso: Janaina
2025-10-21 15:34:13,007 [http-nio-8080-exec-8] INFO  c.c.p.a.u.s.AutenticacaoService - Usuário logado com sucesso: Janaina
2025-10-21 15:34:13,779 [http-nio-8080-exec-7] INFO  c.c.p.a.u.s.AutenticacaoService - Usuário logado com sucesso: Janaina
2025-10-21 15:34:14,926 [http-nio-8080-exec-2] INFO  c.c.p.a.u.s.AutenticacaoService - Usuário logado com sucesso: Janaina
2025-10-21 15:34:15,876 [http-nio-8080-exec-3] INFO  c.c.p.a.u.s.AutenticacaoService - Usuário logado com sucesso: Janaina
2025-10-21 15:34:16,981 [http-nio-8080-exec-1] INFO  c.c.p.a.u.s.AutenticacaoService - Usuário logado com sucesso: Janaina
2025-10-21 15:34:18,060 [http-nio-8080-exec-4] INFO  c.c.p.a.u.s.AutenticacaoService - Usuário logado com sucesso: Janaina
2025-10-21 15:34:19,472 [http-nio-8080-exec-6] INFO  c.c.p.a.u.s.AutenticacaoService - Usuário logado com sucesso: Janaina
2025-10-21 15:34:20,309 [http-nio-8080-exec-5] INFO  c.c.p.a.u.s.AutenticacaoService - Usuário logado com sucesso: Janaina
2025-10-21 15:34:21,214 [http-nio-8080-exec-9] INFO  c.c.p.a.u.s.AutenticacaoService - Usuário logado com sucesso: Janaina
2025-10-21 15:34:22,225 [http-nio-8080-exec-3] INFO  c.c.p.a.u.s.AutenticacaoService - Usuário logado com sucesso: Janaina
2025-10-21 15:34:22,692 [http-nio-8080-exec-1] INFO  c.c.p.a.u.s.AutenticacaoService - Usuário logado com sucesso: Janaina
2025-10-21 15:34:22,874 [http-nio-8080-exec-10] INFO  c.c.p.a.u.s.AutenticacaoService - Usuário logado com sucesso: Janaina
2025-10-21 15:34:23,055 [http-nio-8080-exec-4] INFO  c.c.p.a.u.s.AutenticacaoService - Usuário logado com sucesso: Janaina
2025-10-21 15:34:23,255 [http-nio-8080-exec-6] INFO  c.c.p.a.u.s.AutenticacaoService - Usuário logado com sucesso: Janaina
2025-10-21 15:34:23,427 [http-nio-8080-exec-8] INFO  c.c.p.a.u.s.AutenticacaoService - Usuário logado com sucesso: Janaina
2025-10-21 15:34:23,603 [http-nio-8080-exec-5] INFO  c.c.p.a.u.s.AutenticacaoService - Usuário logado com sucesso: Janaina
2025-10-21 15:34:23,732 [http-nio-8080-exec-7] INFO  c.c.p.a.u.s.AutenticacaoService - Usuário logado com sucesso: Janaina
2025-10-21 15:34:26,382 [http-nio-8080-exec-2] INFO  c.c.p.a.u.s.AutenticacaoService - Usuário logado com sucesso: Janaina
2025-10-21 15:34:27,984 [http-nio-8080-exec-1] INFO  c.c.p.a.u.s.AutenticacaoService - Usuário logado com sucesso: Janaina
2025-10-21 15:39:46,029 [http-nio-8080-exec-5] INFO  c.c.p.a.u.s.AutenticacaoService - Usuário logado com sucesso: Janaina
2025-10-21 15:39:46,042 [http-nio-8080-exec-9] INFO  c.c.p.a.u.s.AutenticacaoService - Usuário logado com sucesso: Janaina
2025-10-21 15:39:46,057 [http-nio-8080-exec-7] INFO  c.c.p.a.u.s.AutenticacaoService - Usuário logado com sucesso: Janaina
2025-10-21 15:39:49,587 [http-nio-8080-exec-3] INFO  c.c.p.a.u.s.AutenticacaoService - Usuário logado com sucesso: Janaina
2025-10-21 15:39:49,595 [http-nio-8080-exec-2] INFO  c.c.p.a.u.s.AutenticacaoService - Usuário logado com sucesso: Janaina
2025-10-21 15:39:49,617 [http-nio-8080-exec-1] INFO  c.c.p.a.u.s.AutenticacaoService - Usuário logado com sucesso: Janaina
2025-10-21 15:41:08,143 [http-nio-8080-exec-9] INFO  c.c.p.a.u.s.AutenticacaoService - Usuário logado com sucesso: Janaina
2025-10-21 15:41:49,011 [HikariPool-1:housekeeper] WARN  com.zaxxer.hikari.pool.HikariPool - HikariPool-1 - Thread starvation or clock leap detected (housekeeper delta=1m7s310ms838µs631ns).
2025-10-21 15:49:06,183 [http-nio-8080-exec-7] INFO  c.c.p.a.u.s.AutenticacaoService - Usuário logado com sucesso: Janaina
2025-10-21 15:49:06,210 [http-nio-8080-exec-3] INFO  c.c.p.a.u.s.AutenticacaoService - Usuário logado com sucesso: Janaina
2025-10-21 15:49:06,216 [http-nio-8080-exec-10] INFO  c.c.p.a.u.s.AutenticacaoService - Usuário logado com sucesso: Janaina
2025-10-21 15:50:35,939 [http-nio-8080-exec-2] INFO  c.c.p.a.u.s.AutenticacaoService - Usuário logado com sucesso: Janaina
2025-10-21 15:50:35,949 [http-nio-8080-exec-10] INFO  c.c.p.a.u.s.AutenticacaoService - Usuário logado com sucesso: Janaina
2025-10-21 15:50:35,952 [http-nio-8080-exec-7] INFO  c.c.p.a.u.s.AutenticacaoService - Usuário logado com sucesso: Janaina
2025-10-21 15:50:48,062 [http-nio-8080-exec-4] INFO  c.c.p.a.u.s.AutenticacaoService - Usuário logado com sucesso: Janaina
2025-10-21 15:50:48,071 [http-nio-8080-exec-6] INFO  c.c.p.a.u.s.AutenticacaoService - Usuário logado com sucesso: Janaina
2025-10-21 15:50:48,102 [http-nio-8080-exec-1] INFO  c.c.p.a.u.s.AutenticacaoService - Usuário logado com sucesso: Janaina
2025-10-21 15:50:52,557 [http-nio-8080-exec-5] INFO  c.c.p.a.u.s.AutenticacaoService - Usuário logado com sucesso: Janaina
2025-10-21 15:50:52,569 [http-nio-8080-exec-7] INFO  c.c.p.a.u.s.AutenticacaoService - Usuário logado com sucesso: Janaina
2025-10-21 15:50:52,588 [http-nio-8080-exec-2] INFO  c.c.p.a.u.s.AutenticacaoService - Usuário logado com sucesso: Janaina
2025-10-21 15:51:25,646 [http-nio-8080-exec-1] INFO  c.c.p.a.u.s.AutenticacaoService - Usuário logado com sucesso: Janaina
2025-10-21 15:51:25,651 [http-nio-8080-exec-6] INFO  c.c.p.a.u.s.AutenticacaoService - Usuário logado com sucesso: Janaina
2025-10-21 15:51:25,652 [http-nio-8080-exec-9] INFO  c.c.p.a.u.s.AutenticacaoService - Usuário logado com sucesso: Janaina
2025-10-21 15:51:39,083 [http-nio-8080-exec-5] INFO  c.c.p.a.u.s.AutenticacaoService - Usuário logado com sucesso: Janaina
2025-10-21 15:51:39,093 [http-nio-8080-exec-7] INFO  c.c.p.a.u.s.AutenticacaoService - Usuário logado com sucesso: Janaina
2025-10-21 15:51:39,107 [http-nio-8080-exec-10] INFO  c.c.p.a.u.s.AutenticacaoService - Usuário logado com sucesso: Janaina
2025-10-21 15:51:45,971 [http-nio-8080-exec-6] INFO  c.c.p.a.u.s.AutenticacaoService - Usuário logado com sucesso: Janaina
2025-10-21 15:51:45,989 [http-nio-8080-exec-4] INFO  c.c.p.a.u.s.AutenticacaoService - Usuário logado com sucesso: Janaina
2025-10-21 15:51:45,989 [http-nio-8080-exec-2] INFO  c.c.p.a.u.s.AutenticacaoService - Usuário logado com sucesso: Janaina
2025-10-21 15:54:29,492 [http-nio-8080-exec-8] INFO  c.c.p.a.u.s.AutenticacaoService - Usuário logado com sucesso: Janaina
2025-10-21 15:54:56,886 [http-nio-8080-exec-1] INFO  c.c.p.a.u.s.AutenticacaoService - Usuário logado com sucesso: Janaina
2025-10-21 15:57:36,211 [http-nio-8080-exec-5] INFO  c.c.p.a.u.s.AutenticacaoService - Usuário logado com sucesso: Janaina
2025-10-21 15:57:36,215 [http-nio-8080-exec-3] INFO  c.c.p.a.u.s.AutenticacaoService - Usuário logado com sucesso: Janaina
2025-10-21 15:57:36,226 [http-nio-8080-exec-7] INFO  c.c.p.a.u.s.AutenticacaoService - Usuário logado com sucesso: Janaina
2025-10-21 16:30:57,997 [http-nio-8080-exec-2] INFO  c.c.p.a.u.s.AutenticacaoService - Usuário logado com sucesso: Janaina
2025-10-21 16:31:05,718 [http-nio-8080-exec-6] INFO  c.c.p.a.u.s.AutenticacaoService - Usuário logado com sucesso: Janaina
2025-10-21 16:31:21,144 [http-nio-8080-exec-3] INFO  c.c.p.a.u.s.AutenticacaoService - Usuário logado com sucesso: Janaina
2025-10-21 16:31:24,791 [http-nio-8080-exec-9] INFO  c.c.p.a.u.s.AutenticacaoService - Usuário logado com sucesso: Janaina
2025-10-21 16:31:29,687 [http-nio-8080-exec-1] INFO  c.c.p.a.u.s.AutenticacaoService - Usuário logado com sucesso: Janaina
2025-10-21 16:31:34,021 [http-nio-8080-exec-2] INFO  c.c.p.a.u.s.AutenticacaoService - Usuário logado com sucesso: Janaina
2025-10-21 16:37:35,165 [SpringApplicationShutdownHook] INFO  o.s.b.w.e.tomcat.GracefulShutdown - Commencing graceful shutdown. Waiting for active requests to complete
2025-10-21 16:37:35,168 [tomcat-shutdown] INFO  o.s.b.w.e.tomcat.GracefulShutdown - Graceful shutdown complete
2025-10-21 16:37:35,177 [SpringApplicationShutdownHook] INFO  o.s.o.j.LocalContainerEntityManagerFactoryBean - Closing JPA EntityManagerFactory for persistence unit 'default'
2025-10-21 16:37:35,180 [SpringApplicationShutdownHook] INFO  com.zaxxer.hikari.HikariDataSource - HikariPool-1 - Shutdown initiated...
2025-10-21 16:37:35,183 [SpringApplicationShutdownHook] INFO  com.zaxxer.hikari.HikariDataSource - HikariPool-1 - Shutdown completed.
2025-10-21 17:13:35,436 [main] INFO  com.crossmade.pdv.PdvApplication - Starting PdvApplication using Java 21.0.8 with PID 137420 (/home/dev2/Documents/Java/PDV/backend/target/classes started by dev2 in /home/dev2/Documents/Java/PDV/backend)
2025-10-21 17:13:35,439 [main] DEBUG com.crossmade.pdv.PdvApplication - Running with Spring Boot v3.5.4, Spring v6.2.9
2025-10-21 17:13:35,441 [main] INFO  com.crossmade.pdv.PdvApplication - No active profile set, falling back to 1 default profile: "default"
2025-10-21 17:13:36,419 [main] INFO  o.s.d.r.c.RepositoryConfigurationDelegate - Bootstrapping Spring Data JPA repositories in DEFAULT mode.
2025-10-21 17:13:36,521 [main] INFO  o.s.d.r.c.RepositoryConfigurationDelegate - Finished Spring Data repository scanning in 90 ms. Found 7 JPA repository interfaces.
2025-10-21 17:13:37,123 [main] INFO  o.s.b.w.e.tomcat.TomcatWebServer - Tomcat initialized with port 8080 (http)
2025-10-21 17:13:37,139 [main] INFO  o.a.catalina.core.StandardService - Starting service [Tomcat]
2025-10-21 17:13:37,140 [main] INFO  o.a.catalina.core.StandardEngine - Starting Servlet engine: [Apache Tomcat/10.1.43]
2025-10-21 17:13:37,187 [main] INFO  o.a.c.c.C.[Tomcat].[localhost].[/] - Initializing Spring embedded WebApplicationContext
2025-10-21 17:13:37,187 [main] INFO  o.s.b.w.s.c.ServletWebServerApplicationContext - Root WebApplicationContext: initialization completed in 1694 ms
2025-10-21 17:13:37,380 [main] INFO  o.h.jpa.internal.util.LogHelper - HHH000204: Processing PersistenceUnitInfo [name: default]
2025-10-21 17:13:37,442 [main] INFO  org.hibernate.Version - HHH000412: Hibernate ORM core version 6.6.22.Final
2025-10-21 17:13:37,501 [main] INFO  o.h.c.i.RegionFactoryInitiator - HHH000026: Second-level cache disabled
2025-10-21 17:13:37,841 [main] INFO  o.s.o.j.p.SpringPersistenceUnitInfo - No LoadTimeWeaver setup: ignoring JPA class transformer
2025-10-21 17:13:37,869 [main] INFO  com.zaxxer.hikari.HikariDataSource - HikariPool-1 - Starting...
2025-10-21 17:13:38,058 [main] INFO  com.zaxxer.hikari.pool.HikariPool - HikariPool-1 - Added connection org.postgresql.jdbc.PgConnection@e97f115
2025-10-21 17:13:38,060 [main] INFO  com.zaxxer.hikari.HikariDataSource - HikariPool-1 - Start completed.
2025-10-21 17:13:38,089 [main] WARN  org.hibernate.orm.deprecation - HHH90000025: PostgreSQLDialect does not need to be specified explicitly using 'hibernate.dialect' (remove the property setting and it will be selected by default)
2025-10-21 17:13:38,111 [main] INFO  o.hibernate.orm.connections.pooling - HHH10001005: Database info:
	Database JDBC URL [Connecting through datasource 'HikariDataSource (HikariPool-1)']
	Database driver: undefined/unknown
	Database version: 16.10
	Autocommit mode: undefined/unknown
	Isolation level: undefined/unknown
	Minimum pool size: undefined/unknown
	Maximum pool size: undefined/unknown
2025-10-21 17:13:38,300 [main] ERROR o.s.o.j.LocalContainerEntityManagerFactoryBean - Failed to initialize JPA EntityManagerFactory: Entity 'com.crossmade.pdv.dominio.orcamento.ItemDoOrcamento' has no identifier (every '@Entity' class must declare or inherit at least one '@Id' or '@EmbeddedId' property)
2025-10-21 17:13:38,303 [main] ERROR o.s.b.w.e.tomcat.TomcatStarter - Error starting Tomcat context. Exception: org.springframework.beans.factory.UnsatisfiedDependencyException. Message: Error creating bean with name 'jwtFiltroDeAutenticacao' defined in file [/home/dev2/Documents/Java/PDV/backend/target/classes/com/crossmade/pdv/aplicacao/usuario/servicos/JwtFiltroDeAutenticacao.class]: Unsatisfied dependency expressed through constructor parameter 1: Error creating bean with name 'autenticacaoService' defined in file [/home/dev2/Documents/Java/PDV/backend/target/classes/com/crossmade/pdv/aplicacao/usuario/servicos/AutenticacaoService.class]: Unsatisfied dependency expressed through constructor parameter 0: Error creating bean with name 'repositorioUsuarioImpl' defined in file [/home/dev2/Documents/Java/PDV/backend/target/classes/com/crossmade/pdv/infraestrutura/usuario/RepositorioUsuarioImpl.class]: Unsatisfied dependency expressed through constructor parameter 0: Error creating bean with name 'springDataRepositorioUsuario' defined in com.crossmade.pdv.infraestrutura.usuario.SpringDataRepositorioUsuario defined in @EnableJpaRepositories declared on JpaRepositoriesRegistrar.EnableJpaRepositoriesConfiguration: Cannot resolve reference to bean 'jpaSharedEM_entityManagerFactory' while setting bean property 'entityManager'
2025-10-21 17:13:38,332 [main] INFO  o.a.catalina.core.StandardService - Stopping service [Tomcat]
2025-10-21 17:13:38,336 [main] WARN  o.a.c.loader.WebappClassLoaderBase - The web application [ROOT] appears to have started a thread named [HikariPool-1:housekeeper] but has failed to stop it. This is very likely to create a memory leak. Stack trace of thread:
 java.base/jdk.internal.misc.Unsafe.park(Native Method)
 java.base/java.util.concurrent.locks.LockSupport.parkNanos(LockSupport.java:269)
 java.base/java.util.concurrent.locks.AbstractQueuedSynchronizer$ConditionObject.awaitNanos(AbstractQueuedSynchronizer.java:1763)
 java.base/java.util.concurrent.ScheduledThreadPoolExecutor$DelayedWorkQueue.take(ScheduledThreadPoolExecutor.java:1182)
 java.base/java.util.concurrent.ScheduledThreadPoolExecutor$DelayedWorkQueue.take(ScheduledThreadPoolExecutor.java:899)
 java.base/java.util.concurrent.ThreadPoolExecutor.getTask(ThreadPoolExecutor.java:1070)
 java.base/java.util.concurrent.ThreadPoolExecutor.runWorker(ThreadPoolExecutor.java:1130)
 java.base/java.util.concurrent.ThreadPoolExecutor$Worker.run(ThreadPoolExecutor.java:642)
 java.base/java.lang.Thread.run(Thread.java:1583)
2025-10-21 17:13:38,338 [main] WARN  o.a.c.loader.WebappClassLoaderBase - The web application [ROOT] appears to have started a thread named [HikariPool-1:connection-adder] but has failed to stop it. This is very likely to create a memory leak. Stack trace of thread:
 java.base/sun.nio.ch.Net.poll(Native Method)
 java.base/sun.nio.ch.NioSocketImpl.park(NioSocketImpl.java:191)
 java.base/sun.nio.ch.NioSocketImpl.park(NioSocketImpl.java:201)
 java.base/sun.nio.ch.NioSocketImpl.implRead(NioSocketImpl.java:309)
 java.base/sun.nio.ch.NioSocketImpl.read(NioSocketImpl.java:346)
 java.base/sun.nio.ch.NioSocketImpl$1.read(NioSocketImpl.java:796)
 java.base/java.net.Socket$SocketInputStream.read(Socket.java:1099)
 org.postgresql.core.VisibleBufferedInputStream.readMore(VisibleBufferedInputStream.java:162)
 org.postgresql.core.VisibleBufferedInputStream.ensureBytes(VisibleBufferedInputStream.java:129)
 org.postgresql.core.VisibleBufferedInputStream.ensureBytes(VisibleBufferedInputStream.java:114)
 org.postgresql.core.VisibleBufferedInputStream.read(VisibleBufferedInputStream.java:74)
 org.postgresql.core.PGStream.receiveChar(PGStream.java:467)
 org.postgresql.core.v3.ConnectionFactoryImpl.doAuthentication(ConnectionFactoryImpl.java:683)
 org.postgresql.core.v3.ConnectionFactoryImpl.tryConnect(ConnectionFactoryImpl.java:207)
 org.postgresql.core.v3.ConnectionFactoryImpl.openConnectionImpl(ConnectionFactoryImpl.java:262)
 org.postgresql.core.ConnectionFactory.openConnection(ConnectionFactory.java:54)
 org.postgresql.jdbc.PgConnection.<init>(PgConnection.java:273)
 org.postgresql.Driver.makeConnection(Driver.java:446)
 org.postgresql.Driver.connect(Driver.java:298)
 com.zaxxer.hikari.util.DriverDataSource.getConnection(DriverDataSource.java:144)
 com.zaxxer.hikari.pool.PoolBase.newConnection(PoolBase.java:368)
 com.zaxxer.hikari.pool.PoolBase.newPoolEntry(PoolBase.java:205)
 com.zaxxer.hikari.pool.HikariPool.createPoolEntry(HikariPool.java:488)
 com.zaxxer.hikari.pool.HikariPool$PoolEntryCreator.call(HikariPool.java:752)
 com.zaxxer.hikari.pool.HikariPool$PoolEntryCreator.call(HikariPool.java:731)
 java.base/java.util.concurrent.FutureTask.run(FutureTask.java:317)
 java.base/java.util.concurrent.ThreadPoolExecutor.runWorker(ThreadPoolExecutor.java:1144)
 java.base/java.util.concurrent.ThreadPoolExecutor$Worker.run(ThreadPoolExecutor.java:642)
 java.base/java.lang.Thread.run(Thread.java:1583)
2025-10-21 17:13:38,342 [main] WARN  o.s.b.w.s.c.AnnotationConfigServletWebServerApplicationContext - Exception encountered during context initialization - cancelling refresh attempt: org.springframework.context.ApplicationContextException: Unable to start web server
2025-10-21 17:13:38,343 [main] INFO  com.zaxxer.hikari.HikariDataSource - HikariPool-1 - Shutdown initiated...
2025-10-21 17:13:38,389 [main] INFO  com.zaxxer.hikari.HikariDataSource - HikariPool-1 - Shutdown completed.
2025-10-21 17:13:38,399 [main] INFO  o.s.b.a.l.ConditionEvaluationReportLogger - 

Error starting ApplicationContext. To display the condition evaluation report re-run your application with 'debug' enabled.
2025-10-21 17:13:38,434 [main] ERROR o.s.boot.SpringApplication - Application run failed
org.springframework.context.ApplicationContextException: Unable to start web server
	at org.springframework.boot.web.servlet.context.ServletWebServerApplicationContext.onRefresh(ServletWebServerApplicationContext.java:170)
	at org.springframework.context.support.AbstractApplicationContext.refresh(AbstractApplicationContext.java:621)
	at org.springframework.boot.web.servlet.context.ServletWebServerApplicationContext.refresh(ServletWebServerApplicationContext.java:146)
	at org.springframework.boot.SpringApplication.refresh(SpringApplication.java:752)
	at org.springframework.boot.SpringApplication.refreshContext(SpringApplication.java:439)
	at org.springframework.boot.SpringApplication.run(SpringApplication.java:318)
	at org.springframework.boot.SpringApplication.run(SpringApplication.java:1361)
	at org.springframework.boot.SpringApplication.run(SpringApplication.java:1350)
	at com.crossmade.pdv.PdvApplication.main(PdvApplication.java:9)
Caused by: org.springframework.boot.web.server.WebServerException: Unable to start embedded Tomcat
	at org.springframework.boot.web.embedded.tomcat.TomcatWebServer.initialize(TomcatWebServer.java:147)
	at org.springframework.boot.web.embedded.tomcat.TomcatWebServer.<init>(TomcatWebServer.java:107)
	at org.springframework.boot.web.embedded.tomcat.TomcatServletWebServerFactory.getTomcatWebServer(TomcatServletWebServerFactory.java:517)
	at org.springframework.boot.web.embedded.tomcat.TomcatServletWebServerFactory.getWebServer(TomcatServletWebServerFactory.java:219)
	at org.springframework.boot.web.servlet.context.ServletWebServerApplicationContext.createWebServer(ServletWebServerApplicationContext.java:193)
	at org.springframework.boot.web.servlet.context.ServletWebServerApplicationContext.onRefresh(ServletWebServerApplicationContext.java:167)
	... 8 common frames omitted
Caused by: org.springframework.beans.factory.UnsatisfiedDependencyException: Error creating bean with name 'jwtFiltroDeAutenticacao' defined in file [/home/dev2/Documents/Java/PDV/backend/target/classes/com/crossmade/pdv/aplicacao/usuario/servicos/JwtFiltroDeAutenticacao.class]: Unsatisfied dependency expressed through constructor parameter 1: Error creating bean with name 'autenticacaoService' defined in file [/home/dev2/Documents/Java/PDV/backend/target/classes/com/crossmade/pdv/aplicacao/usuario/servicos/AutenticacaoService.class]: Unsatisfied dependency expressed through constructor parameter 0: Error creating bean with name 'repositorioUsuarioImpl' defined in file [/home/dev2/Documents/Java/PDV/backend/target/classes/com/crossmade/pdv/infraestrutura/usuario/RepositorioUsuarioImpl.class]: Unsatisfied dependency expressed through constructor parameter 0: Error creating bean with name 'springDataRepositorioUsuario' defined in com.crossmade.pdv.infraestrutura.usuario.SpringDataRepositorioUsuario defined in @EnableJpaRepositories declared on JpaRepositoriesRegistrar.EnableJpaRepositoriesConfiguration: Cannot resolve reference to bean 'jpaSharedEM_entityManagerFactory' while setting bean property 'entityManager'
	at org.springframework.beans.factory.support.ConstructorResolver.createArgumentArray(ConstructorResolver.java:804)
	at org.springframework.beans.factory.support.ConstructorResolver.autowireConstructor(ConstructorResolver.java:240)
	at org.springframework.beans.factory.support.AbstractAutowireCapableBeanFactory.autowireConstructor(AbstractAutowireCapableBeanFactory.java:1395)
	at org.springframework.beans.factory.support.AbstractAutowireCapableBeanFactory.createBeanInstance(AbstractAutowireCapableBeanFactory.java:1232)
	at org.springframework.beans.factory.support.AbstractAutowireCapableBeanFactory.doCreateBean(AbstractAutowireCapableBeanFactory.java:569)
	at org.springframework.beans.factory.support.AbstractAutowireCapableBeanFactory.createBean(AbstractAutowireCapableBeanFactory.java:529)
	at org.springframework.beans.factory.support.AbstractBeanFactory.lambda$doGetBean$0(AbstractBeanFactory.java:339)
	at org.springframework.beans.factory.support.DefaultSingletonBeanRegistry.getSingleton(DefaultSingletonBeanRegistry.java:373)
	at org.springframework.beans.factory.support.AbstractBeanFactory.doGetBean(AbstractBeanFactory.java:337)
	at org.springframework.beans.factory.support.AbstractBeanFactory.getBean(AbstractBeanFactory.java:207)
	at org.springframework.boot.web.servlet.ServletContextInitializerBeans.getOrderedBeansOfType(ServletContextInitializerBeans.java:230)
	at org.springframework.boot.web.servlet.ServletContextInitializerBeans.addAsRegistrationBean(ServletContextInitializerBeans.java:184)
	at org.springframework.boot.web.servlet.ServletContextInitializerBeans.addAsRegistrationBean(ServletContextInitializerBeans.java:179)
	at org.springframework.boot.web.servlet.ServletContextInitializerBeans.addAdaptableBeans(ServletContextInitializerBeans.java:164)
	at org.springframework.boot.web.servlet.ServletContextInitializerBeans.<init>(ServletContextInitializerBeans.java:96)
	at org.springframework.boot.web.servlet.context.ServletWebServerApplicationContext.getServletContextInitializerBeans(ServletWebServerApplicationContext.java:271)
	at org.springframework.boot.web.servlet.context.ServletWebServerApplicationContext.selfInitialize(ServletWebServerApplicationContext.java:245)
	at org.springframework.boot.web.embedded.tomcat.TomcatStarter.onStartup(TomcatStarter.java:52)
	at org.apache.catalina.core.StandardContext.startInternal(StandardContext.java:4464)
	at org.apache.catalina.util.LifecycleBase.start(LifecycleBase.java:164)
	at org.apache.catalina.core.ContainerBase$StartChild.call(ContainerBase.java:1203)
	at org.apache.catalina.core.ContainerBase$StartChild.call(ContainerBase.java:1193)
	at java.base/java.util.concurrent.FutureTask.run(FutureTask.java:317)
	at org.apache.tomcat.util.threads.InlineExecutorService.execute(InlineExecutorService.java:75)
	at java.base/java.util.concurrent.AbstractExecutorService.submit(AbstractExecutorService.java:145)
	at org.apache.catalina.core.ContainerBase.startInternal(ContainerBase.java:749)
	at org.apache.catalina.core.StandardHost.startInternal(StandardHost.java:772)
	at org.apache.catalina.util.LifecycleBase.start(LifecycleBase.java:164)
	at org.apache.catalina.core.ContainerBase$StartChild.call(ContainerBase.java:1203)
	at org.apache.catalina.core.ContainerBase$StartChild.call(ContainerBase.java:1193)
	at java.base/java.util.concurrent.FutureTask.run(FutureTask.java:317)
	at org.apache.tomcat.util.threads.InlineExecutorService.execute(InlineExecutorService.java:75)
	at java.base/java.util.concurrent.AbstractExecutorService.submit(AbstractExecutorService.java:145)
	at org.apache.catalina.core.ContainerBase.startInternal(ContainerBase.java:749)
	at org.apache.catalina.core.StandardEngine.startInternal(StandardEngine.java:203)
	at org.apache.catalina.util.LifecycleBase.start(LifecycleBase.java:164)
	at org.apache.catalina.core.StandardService.startInternal(StandardService.java:412)
	at org.apache.catalina.util.LifecycleBase.start(LifecycleBase.java:164)
	at org.apache.catalina.core.StandardServer.startInternal(StandardServer.java:870)
	at org.apache.catalina.util.LifecycleBase.start(LifecycleBase.java:164)
	at org.apache.catalina.startup.Tomcat.start(Tomcat.java:438)
	at org.springframework.boot.web.embedded.tomcat.TomcatWebServer.initialize(TomcatWebServer.java:128)
	... 13 common frames omitted
Caused by: org.springframework.beans.factory.UnsatisfiedDependencyException: Error creating bean with name 'autenticacaoService' defined in file [/home/dev2/Documents/Java/PDV/backend/target/classes/com/crossmade/pdv/aplicacao/usuario/servicos/AutenticacaoService.class]: Unsatisfied dependency expressed through constructor parameter 0: Error creating bean with name 'repositorioUsuarioImpl' defined in file [/home/dev2/Documents/Java/PDV/backend/target/classes/com/crossmade/pdv/infraestrutura/usuario/RepositorioUsuarioImpl.class]: Unsatisfied dependency expressed through constructor parameter 0: Error creating bean with name 'springDataRepositorioUsuario' defined in com.crossmade.pdv.infraestrutura.usuario.SpringDataRepositorioUsuario defined in @EnableJpaRepositories declared on JpaRepositoriesRegistrar.EnableJpaRepositoriesConfiguration: Cannot resolve reference to bean 'jpaSharedEM_entityManagerFactory' while setting bean property 'entityManager'
	at org.springframework.beans.factory.support.ConstructorResolver.createArgumentArray(ConstructorResolver.java:804)
	at org.springframework.beans.factory.support.ConstructorResolver.autowireConstructor(ConstructorResolver.java:240)
	at org.springframework.beans.factory.support.AbstractAutowireCapableBeanFactory.autowireConstructor(AbstractAutowireCapableBeanFactory.java:1395)
	at org.springframework.beans.factory.support.AbstractAutowireCapableBeanFactory.createBeanInstance(AbstractAutowireCapableBeanFactory.java:1232)
	at org.springframework.beans.factory.support.AbstractAutowireCapableBeanFactory.doCreateBean(AbstractAutowireCapableBeanFactory.java:569)
	at org.springframework.beans.factory.support.AbstractAutowireCapableBeanFactory.createBean(AbstractAutowireCapableBeanFactory.java:529)
	at org.springframework.beans.factory.support.AbstractBeanFactory.lambda$doGetBean$0(AbstractBeanFactory.java:339)
	at org.springframework.beans.factory.support.DefaultSingletonBeanRegistry.getSingleton(DefaultSingletonBeanRegistry.java:373)
	at org.springframework.beans.factory.support.AbstractBeanFactory.doGetBean(AbstractBeanFactory.java:337)
	at org.springframework.beans.factory.support.AbstractBeanFactory.getBean(AbstractBeanFactory.java:202)
	at org.springframework.beans.factory.config.DependencyDescriptor.resolveCandidate(DependencyDescriptor.java:254)
	at org.springframework.beans.factory.support.DefaultListableBeanFactory.doResolveDependency(DefaultListableBeanFactory.java:1745)
	at org.springframework.beans.factory.support.DefaultListableBeanFactory.resolveDependency(DefaultListableBeanFactory.java:1628)
	at org.springframework.beans.factory.support.ConstructorResolver.resolveAutowiredArgument(ConstructorResolver.java:913)
	at org.springframework.beans.factory.support.ConstructorResolver.createArgumentArray(ConstructorResolver.java:791)
	... 54 common frames omitted
Caused by: org.springframework.beans.factory.UnsatisfiedDependencyException: Error creating bean with name 'repositorioUsuarioImpl' defined in file [/home/dev2/Documents/Java/PDV/backend/target/classes/com/crossmade/pdv/infraestrutura/usuario/RepositorioUsuarioImpl.class]: Unsatisfied dependency expressed through constructor parameter 0: Error creating bean with name 'springDataRepositorioUsuario' defined in com.crossmade.pdv.infraestrutura.usuario.SpringDataRepositorioUsuario defined in @EnableJpaRepositories declared on JpaRepositoriesRegistrar.EnableJpaRepositoriesConfiguration: Cannot resolve reference to bean 'jpaSharedEM_entityManagerFactory' while setting bean property 'entityManager'
	at org.springframework.beans.factory.support.ConstructorResolver.createArgumentArray(ConstructorResolver.java:804)
	at org.springframework.beans.factory.support.ConstructorResolver.autowireConstructor(ConstructorResolver.java:240)
	at org.springframework.beans.factory.support.AbstractAutowireCapableBeanFactory.autowireConstructor(AbstractAutowireCapableBeanFactory.java:1395)
	at org.springframework.beans.factory.support.AbstractAutowireCapableBeanFactory.createBeanInstance(AbstractAutowireCapableBeanFactory.java:1232)
	at org.springframework.beans.factory.support.AbstractAutowireCapableBeanFactory.doCreateBean(AbstractAutowireCapableBeanFactory.java:569)
	at org.springframework.beans.factory.support.AbstractAutowireCapableBeanFactory.createBean(AbstractAutowireCapableBeanFactory.java:529)
	at org.springframework.beans.factory.support.AbstractBeanFactory.lambda$doGetBean$0(AbstractBeanFactory.java:339)
	at org.springframework.beans.factory.support.DefaultSingletonBeanRegistry.getSingleton(DefaultSingletonBeanRegistry.java:373)
	at org.springframework.beans.factory.support.AbstractBeanFactory.doGetBean(AbstractBeanFactory.java:337)
	at org.springframework.beans.factory.support.AbstractBeanFactory.getBean(AbstractBeanFactory.java:202)
	at org.springframework.beans.factory.config.DependencyDescriptor.resolveCandidate(DependencyDescriptor.java:254)
	at org.springframework.beans.factory.support.DefaultListableBeanFactory.doResolveDependency(DefaultListableBeanFactory.java:1745)
	at org.springframework.beans.factory.support.DefaultListableBeanFactory.resolveDependency(DefaultListableBeanFactory.java:1628)
	at org.springframework.beans.factory.support.ConstructorResolver.resolveAutowiredArgument(ConstructorResolver.java:913)
	at org.springframework.beans.factory.support.ConstructorResolver.createArgumentArray(ConstructorResolver.java:791)
	... 68 common frames omitted
Caused by: org.springframework.beans.factory.BeanCreationException: Error creating bean with name 'springDataRepositorioUsuario' defined in com.crossmade.pdv.infraestrutura.usuario.SpringDataRepositorioUsuario defined in @EnableJpaRepositories declared on JpaRepositoriesRegistrar.EnableJpaRepositoriesConfiguration: Cannot resolve reference to bean 'jpaSharedEM_entityManagerFactory' while setting bean property 'entityManager'
	at org.springframework.beans.factory.support.BeanDefinitionValueResolver.resolveReference(BeanDefinitionValueResolver.java:377)
	at org.springframework.beans.factory.support.BeanDefinitionValueResolver.resolveValueIfNecessary(BeanDefinitionValueResolver.java:135)
	at org.springframework.beans.factory.support.AbstractAutowireCapableBeanFactory.applyPropertyValues(AbstractAutowireCapableBeanFactory.java:1725)
	at org.springframework.beans.factory.support.AbstractAutowireCapableBeanFactory.populateBean(AbstractAutowireCapableBeanFactory.java:1474)
	at org.springframework.beans.factory.support.AbstractAutowireCapableBeanFactory.doCreateBean(AbstractAutowireCapableBeanFactory.java:606)
	at org.springframework.beans.factory.support.AbstractAutowireCapableBeanFactory.createBean(AbstractAutowireCapableBeanFactory.java:529)
	at org.springframework.beans.factory.support.AbstractBeanFactory.lambda$doGetBean$0(AbstractBeanFactory.java:339)
	at org.springframework.beans.factory.support.DefaultSingletonBeanRegistry.getSingleton(DefaultSingletonBeanRegistry.java:373)
	at org.springframework.beans.factory.support.AbstractBeanFactory.doGetBean(AbstractBeanFactory.java:337)
	at org.springframework.beans.factory.support.AbstractBeanFactory.getBean(AbstractBeanFactory.java:202)
	at org.springframework.beans.factory.config.DependencyDescriptor.resolveCandidate(DependencyDescriptor.java:254)
	at org.springframework.beans.factory.support.DefaultListableBeanFactory.doResolveDependency(DefaultListableBeanFactory.java:1745)
	at org.springframework.beans.factory.support.DefaultListableBeanFactory.resolveDependency(DefaultListableBeanFactory.java:1628)
	at org.springframework.beans.factory.support.ConstructorResolver.resolveAutowiredArgument(ConstructorResolver.java:913)
	at org.springframework.beans.factory.support.ConstructorResolver.createArgumentArray(ConstructorResolver.java:791)
	... 82 common frames omitted
Caused by: org.springframework.beans.factory.BeanCreationException: Error creating bean with name 'jpaSharedEM_entityManagerFactory': Cannot resolve reference to bean 'entityManagerFactory' while setting constructor argument
	at org.springframework.beans.factory.support.BeanDefinitionValueResolver.resolveReference(BeanDefinitionValueResolver.java:377)
	at org.springframework.beans.factory.support.BeanDefinitionValueResolver.resolveValueIfNecessary(BeanDefinitionValueResolver.java:135)
	at org.springframework.beans.factory.support.ConstructorResolver.resolveConstructorArguments(ConstructorResolver.java:691)
	at org.springframework.beans.factory.support.ConstructorResolver.instantiateUsingFactoryMethod(ConstructorResolver.java:513)
	at org.springframework.beans.factory.support.AbstractAutowireCapableBeanFactory.instantiateUsingFactoryMethod(AbstractAutowireCapableBeanFactory.java:1375)
	at org.springframework.beans.factory.support.AbstractAutowireCapableBeanFactory.createBeanInstance(AbstractAutowireCapableBeanFactory.java:1205)
	at org.springframework.beans.factory.support.AbstractAutowireCapableBeanFactory.doCreateBean(AbstractAutowireCapableBeanFactory.java:569)
	at org.springframework.beans.factory.support.AbstractAutowireCapableBeanFactory.createBean(AbstractAutowireCapableBeanFactory.java:529)
	at org.springframework.beans.factory.support.AbstractBeanFactory.lambda$doGetBean$0(AbstractBeanFactory.java:339)
	at org.springframework.beans.factory.support.DefaultSingletonBeanRegistry.getSingleton(DefaultSingletonBeanRegistry.java:373)
	at org.springframework.beans.factory.support.AbstractBeanFactory.doGetBean(AbstractBeanFactory.java:337)
	at org.springframework.beans.factory.support.AbstractBeanFactory.getBean(AbstractBeanFactory.java:202)
	at org.springframework.beans.factory.support.BeanDefinitionValueResolver.resolveReference(BeanDefinitionValueResolver.java:365)
	... 96 common frames omitted
Caused by: org.springframework.beans.factory.BeanCreationException: Error creating bean with name 'entityManagerFactory' defined in class path resource [org/springframework/boot/autoconfigure/orm/jpa/HibernateJpaConfiguration.class]: Entity 'com.crossmade.pdv.dominio.orcamento.ItemDoOrcamento' has no identifier (every '@Entity' class must declare or inherit at least one '@Id' or '@EmbeddedId' property)
	at org.springframework.beans.factory.support.AbstractAutowireCapableBeanFactory.initializeBean(AbstractAutowireCapableBeanFactory.java:1826)
	at org.springframework.beans.factory.support.AbstractAutowireCapableBeanFactory.doCreateBean(AbstractAutowireCapableBeanFactory.java:607)
	at org.springframework.beans.factory.support.AbstractAutowireCapableBeanFactory.createBean(AbstractAutowireCapableBeanFactory.java:529)
	at org.springframework.beans.factory.support.AbstractBeanFactory.lambda$doGetBean$0(AbstractBeanFactory.java:339)
	at org.springframework.beans.factory.support.DefaultSingletonBeanRegistry.getSingleton(DefaultSingletonBeanRegistry.java:373)
	at org.springframework.beans.factory.support.AbstractBeanFactory.doGetBean(AbstractBeanFactory.java:337)
	at org.springframework.beans.factory.support.AbstractBeanFactory.getBean(AbstractBeanFactory.java:202)
	at org.springframework.beans.factory.support.BeanDefinitionValueResolver.resolveReference(BeanDefinitionValueResolver.java:365)
	... 108 common frames omitted
Caused by: org.hibernate.AnnotationException: Entity 'com.crossmade.pdv.dominio.orcamento.ItemDoOrcamento' has no identifier (every '@Entity' class must declare or inherit at least one '@Id' or '@EmbeddedId' property)
	at org.hibernate.boot.model.internal.InheritanceState.determineDefaultAccessType(InheritanceState.java:289)
	at org.hibernate.boot.model.internal.InheritanceState.getElementsToProcess(InheritanceState.java:226)
	at org.hibernate.boot.model.internal.InheritanceState.postProcess(InheritanceState.java:162)
	at org.hibernate.boot.model.internal.EntityBinder.handleIdentifier(EntityBinder.java:410)
	at org.hibernate.boot.model.internal.EntityBinder.bindEntityClass(EntityBinder.java:251)
	at org.hibernate.boot.model.internal.AnnotationBinder.bindClass(AnnotationBinder.java:404)
	at org.hibernate.boot.model.source.internal.annotations.AnnotationMetadataSourceProcessorImpl.processEntityHierarchies(AnnotationMetadataSourceProcessorImpl.java:266)
	at org.hibernate.boot.model.process.spi.MetadataBuildingProcess$1.processEntityHierarchies(MetadataBuildingProcess.java:281)
	at org.hibernate.boot.model.process.spi.MetadataBuildingProcess.complete(MetadataBuildingProcess.java:324)
	at org.hibernate.jpa.boot.internal.EntityManagerFactoryBuilderImpl.metadata(EntityManagerFactoryBuilderImpl.java:1442)
	at org.hibernate.jpa.boot.internal.EntityManagerFactoryBuilderImpl.build(EntityManagerFactoryBuilderImpl.java:1513)
	at org.springframework.orm.jpa.vendor.SpringHibernateJpaPersistenceProvider.createContainerEntityManagerFactory(SpringHibernateJpaPersistenceProvider.java:66)
	at org.springframework.orm.jpa.LocalContainerEntityManagerFactoryBean.createNativeEntityManagerFactory(LocalContainerEntityManagerFactoryBean.java:390)
	at org.springframework.orm.jpa.AbstractEntityManagerFactoryBean.buildNativeEntityManagerFactory(AbstractEntityManagerFactoryBean.java:419)
	at org.springframework.orm.jpa.AbstractEntityManagerFactoryBean.afterPropertiesSet(AbstractEntityManagerFactoryBean.java:400)
	at org.springframework.orm.jpa.LocalContainerEntityManagerFactoryBean.afterPropertiesSet(LocalContainerEntityManagerFactoryBean.java:366)
	at org.springframework.beans.factory.support.AbstractAutowireCapableBeanFactory.invokeInitMethods(AbstractAutowireCapableBeanFactory.java:1873)
	at org.springframework.beans.factory.support.AbstractAutowireCapableBeanFactory.initializeBean(AbstractAutowireCapableBeanFactory.java:1822)
	... 115 common frames omitted
2025-10-21 17:18:14,973 [main] INFO  com.crossmade.pdv.PdvApplication - Starting PdvApplication using Java 21.0.8 with PID 140796 (/home/dev2/Documents/Java/PDV/backend/target/classes started by dev2 in /home/dev2/Documents/Java/PDV/backend)
2025-10-21 17:18:14,979 [main] DEBUG com.crossmade.pdv.PdvApplication - Running with Spring Boot v3.5.4, Spring v6.2.9
2025-10-21 17:18:14,980 [main] INFO  com.crossmade.pdv.PdvApplication - No active profile set, falling back to 1 default profile: "default"
2025-10-21 17:18:15,944 [main] INFO  o.s.d.r.c.RepositoryConfigurationDelegate - Bootstrapping Spring Data JPA repositories in DEFAULT mode.
2025-10-21 17:18:16,036 [main] INFO  o.s.d.r.c.RepositoryConfigurationDelegate - Finished Spring Data repository scanning in 82 ms. Found 7 JPA repository interfaces.
2025-10-21 17:18:16,643 [main] INFO  o.s.b.w.e.tomcat.TomcatWebServer - Tomcat initialized with port 8080 (http)
2025-10-21 17:18:16,657 [main] INFO  o.a.catalina.core.StandardService - Starting service [Tomcat]
2025-10-21 17:18:16,657 [main] INFO  o.a.catalina.core.StandardEngine - Starting Servlet engine: [Apache Tomcat/10.1.43]
2025-10-21 17:18:16,696 [main] INFO  o.a.c.c.C.[Tomcat].[localhost].[/] - Initializing Spring embedded WebApplicationContext
2025-10-21 17:18:16,697 [main] INFO  o.s.b.w.s.c.ServletWebServerApplicationContext - Root WebApplicationContext: initialization completed in 1647 ms
2025-10-21 17:18:16,853 [main] INFO  o.h.jpa.internal.util.LogHelper - HHH000204: Processing PersistenceUnitInfo [name: default]
2025-10-21 17:18:16,901 [main] INFO  org.hibernate.Version - HHH000412: Hibernate ORM core version 6.6.22.Final
2025-10-21 17:18:16,932 [main] INFO  o.h.c.i.RegionFactoryInitiator - HHH000026: Second-level cache disabled
2025-10-21 17:18:17,252 [main] INFO  o.s.o.j.p.SpringPersistenceUnitInfo - No LoadTimeWeaver setup: ignoring JPA class transformer
2025-10-21 17:18:17,279 [main] INFO  com.zaxxer.hikari.HikariDataSource - HikariPool-1 - Starting...
2025-10-21 17:18:17,474 [main] INFO  com.zaxxer.hikari.pool.HikariPool - HikariPool-1 - Added connection org.postgresql.jdbc.PgConnection@70884875
2025-10-21 17:18:17,475 [main] INFO  com.zaxxer.hikari.HikariDataSource - HikariPool-1 - Start completed.
2025-10-21 17:18:17,509 [main] WARN  org.hibernate.orm.deprecation - HHH90000025: PostgreSQLDialect does not need to be specified explicitly using 'hibernate.dialect' (remove the property setting and it will be selected by default)
2025-10-21 17:18:17,538 [main] INFO  o.hibernate.orm.connections.pooling - HHH10001005: Database info:
	Database JDBC URL [Connecting through datasource 'HikariDataSource (HikariPool-1)']
	Database driver: undefined/unknown
	Database version: 16.10
	Autocommit mode: undefined/unknown
	Isolation level: undefined/unknown
	Minimum pool size: undefined/unknown
	Maximum pool size: undefined/unknown
2025-10-21 17:18:17,854 [main] ERROR o.s.o.j.LocalContainerEntityManagerFactoryBean - Failed to initialize JPA EntityManagerFactory: Collection 'com.crossmade.pdv.dominio.produto.Produto.pedidos' is 'mappedBy' a property named 'produtos' which does not exist in the target entity 'com.crossmade.pdv.dominio.pedido.Pedido'
2025-10-21 17:18:17,856 [main] ERROR o.s.b.w.e.tomcat.TomcatStarter - Error starting Tomcat context. Exception: org.springframework.beans.factory.UnsatisfiedDependencyException. Message: Error creating bean with name 'jwtFiltroDeAutenticacao' defined in file [/home/dev2/Documents/Java/PDV/backend/target/classes/com/crossmade/pdv/aplicacao/usuario/servicos/JwtFiltroDeAutenticacao.class]: Unsatisfied dependency expressed through constructor parameter 1: Error creating bean with name 'autenticacaoService' defined in file [/home/dev2/Documents/Java/PDV/backend/target/classes/com/crossmade/pdv/aplicacao/usuario/servicos/AutenticacaoService.class]: Unsatisfied dependency expressed through constructor parameter 0: Error creating bean with name 'repositorioUsuarioImpl' defined in file [/home/dev2/Documents/Java/PDV/backend/target/classes/com/crossmade/pdv/infraestrutura/usuario/RepositorioUsuarioImpl.class]: Unsatisfied dependency expressed through constructor parameter 0: Error creating bean with name 'springDataRepositorioUsuario' defined in com.crossmade.pdv.infraestrutura.usuario.SpringDataRepositorioUsuario defined in @EnableJpaRepositories declared on JpaRepositoriesRegistrar.EnableJpaRepositoriesConfiguration: Cannot resolve reference to bean 'jpaSharedEM_entityManagerFactory' while setting bean property 'entityManager'
2025-10-21 17:18:17,879 [main] INFO  o.a.catalina.core.StandardService - Stopping service [Tomcat]
2025-10-21 17:18:17,882 [main] WARN  o.a.c.loader.WebappClassLoaderBase - The web application [ROOT] appears to have started a thread named [HikariPool-1:housekeeper] but has failed to stop it. This is very likely to create a memory leak. Stack trace of thread:
 java.base/jdk.internal.misc.Unsafe.park(Native Method)
 java.base/java.util.concurrent.locks.LockSupport.parkNanos(LockSupport.java:269)
 java.base/java.util.concurrent.locks.AbstractQueuedSynchronizer$ConditionObject.awaitNanos(AbstractQueuedSynchronizer.java:1763)
 java.base/java.util.concurrent.ScheduledThreadPoolExecutor$DelayedWorkQueue.take(ScheduledThreadPoolExecutor.java:1182)
 java.base/java.util.concurrent.ScheduledThreadPoolExecutor$DelayedWorkQueue.take(ScheduledThreadPoolExecutor.java:899)
 java.base/java.util.concurrent.ThreadPoolExecutor.getTask(ThreadPoolExecutor.java:1070)
 java.base/java.util.concurrent.ThreadPoolExecutor.runWorker(ThreadPoolExecutor.java:1130)
 java.base/java.util.concurrent.ThreadPoolExecutor$Worker.run(ThreadPoolExecutor.java:642)
 java.base/java.lang.Thread.run(Thread.java:1583)
2025-10-21 17:18:17,883 [main] WARN  o.a.c.loader.WebappClassLoaderBase - The web application [ROOT] appears to have started a thread named [HikariPool-1:connection-adder] but has failed to stop it. This is very likely to create a memory leak. Stack trace of thread:
 java.base/java.security.MessageDigest$Delegate.engineUpdate(MessageDigest.java:653)
 java.base/java.security.MessageDigest.update(MessageDigest.java:357)
 java.base/com.sun.crypto.provider.HmacCore.engineUpdate(HmacCore.java:193)
 java.base/javax.crypto.Mac.update(Mac.java:504)
 java.base/com.sun.crypto.provider.PBKDF2KeyImpl.deriveKey(PBKDF2KeyImpl.java:199)
 java.base/com.sun.crypto.provider.PBKDF2KeyImpl.<init>(PBKDF2KeyImpl.java:114)
 java.base/com.sun.crypto.provider.PBKDF2Core.engineGenerateSecret(PBKDF2Core.java:68)
 java.base/javax.crypto.SecretKeyFactory.generateSecret(SecretKeyFactory.java:339)
 org.postgresql.shaded.com.ongres.scram.common.util.CryptoUtil.hi(CryptoUtil.java:120)
 org.postgresql.shaded.com.ongres.scram.common.ScramMechanisms.saltedPassword(ScramMechanisms.java:154)
 org.postgresql.shaded.com.ongres.scram.common.ScramFunctions.saltedPassword(ScramFunctions.java:59)
 org.postgresql.shaded.com.ongres.scram.client.ScramSession$ClientFinalProcessor.<init>(ScramSession.java:196)
 org.postgresql.shaded.com.ongres.scram.client.ScramSession$ClientFinalProcessor.<init>(ScramSession.java:163)
 org.postgresql.shaded.com.ongres.scram.client.ScramSession$ServerFirstProcessor.clientFinalProcessor(ScramSession.java:130)
 org.postgresql.jre7.sasl.ScramAuthenticator.processServerFirstMessage(ScramAuthenticator.java:147)
 org.postgresql.core.v3.ConnectionFactoryImpl.doAuthentication(ConnectionFactoryImpl.java:868)
 org.postgresql.core.v3.ConnectionFactoryImpl.tryConnect(ConnectionFactoryImpl.java:207)
 org.postgresql.core.v3.ConnectionFactoryImpl.openConnectionImpl(ConnectionFactoryImpl.java:262)
 org.postgresql.core.ConnectionFactory.openConnection(ConnectionFactory.java:54)
 org.postgresql.jdbc.PgConnection.<init>(PgConnection.java:273)
 org.postgresql.Driver.makeConnection(Driver.java:446)
 org.postgresql.Driver.connect(Driver.java:298)
 com.zaxxer.hikari.util.DriverDataSource.getConnection(DriverDataSource.java:144)
 com.zaxxer.hikari.pool.PoolBase.newConnection(PoolBase.java:368)
 com.zaxxer.hikari.pool.PoolBase.newPoolEntry(PoolBase.java:205)
 com.zaxxer.hikari.pool.HikariPool.createPoolEntry(HikariPool.java:488)
 com.zaxxer.hikari.pool.HikariPool$PoolEntryCreator.call(HikariPool.java:752)
 com.zaxxer.hikari.pool.HikariPool$PoolEntryCreator.call(HikariPool.java:731)
 java.base/java.util.concurrent.FutureTask.run(FutureTask.java:317)
 java.base/java.util.concurrent.ThreadPoolExecutor.runWorker(ThreadPoolExecutor.java:1144)
 java.base/java.util.concurrent.ThreadPoolExecutor$Worker.run(ThreadPoolExecutor.java:642)
 java.base/java.lang.Thread.run(Thread.java:1583)
2025-10-21 17:18:17,885 [main] WARN  o.s.b.w.s.c.AnnotationConfigServletWebServerApplicationContext - Exception encountered during context initialization - cancelling refresh attempt: org.springframework.context.ApplicationContextException: Unable to start web server
2025-10-21 17:18:17,886 [main] INFO  com.zaxxer.hikari.HikariDataSource - HikariPool-1 - Shutdown initiated...
2025-10-21 17:18:17,935 [main] INFO  com.zaxxer.hikari.HikariDataSource - HikariPool-1 - Shutdown completed.
2025-10-21 17:18:17,946 [main] INFO  o.s.b.a.l.ConditionEvaluationReportLogger - 

Error starting ApplicationContext. To display the condition evaluation report re-run your application with 'debug' enabled.
2025-10-21 17:18:17,960 [main] ERROR o.s.boot.SpringApplication - Application run failed
org.springframework.context.ApplicationContextException: Unable to start web server
	at org.springframework.boot.web.servlet.context.ServletWebServerApplicationContext.onRefresh(ServletWebServerApplicationContext.java:170)
	at org.springframework.context.support.AbstractApplicationContext.refresh(AbstractApplicationContext.java:621)
	at org.springframework.boot.web.servlet.context.ServletWebServerApplicationContext.refresh(ServletWebServerApplicationContext.java:146)
	at org.springframework.boot.SpringApplication.refresh(SpringApplication.java:752)
	at org.springframework.boot.SpringApplication.refreshContext(SpringApplication.java:439)
	at org.springframework.boot.SpringApplication.run(SpringApplication.java:318)
	at org.springframework.boot.SpringApplication.run(SpringApplication.java:1361)
	at org.springframework.boot.SpringApplication.run(SpringApplication.java:1350)
	at com.crossmade.pdv.PdvApplication.main(PdvApplication.java:9)
Caused by: org.springframework.boot.web.server.WebServerException: Unable to start embedded Tomcat
	at org.springframework.boot.web.embedded.tomcat.TomcatWebServer.initialize(TomcatWebServer.java:147)
	at org.springframework.boot.web.embedded.tomcat.TomcatWebServer.<init>(TomcatWebServer.java:107)
	at org.springframework.boot.web.embedded.tomcat.TomcatServletWebServerFactory.getTomcatWebServer(TomcatServletWebServerFactory.java:517)
	at org.springframework.boot.web.embedded.tomcat.TomcatServletWebServerFactory.getWebServer(TomcatServletWebServerFactory.java:219)
	at org.springframework.boot.web.servlet.context.ServletWebServerApplicationContext.createWebServer(ServletWebServerApplicationContext.java:193)
	at org.springframework.boot.web.servlet.context.ServletWebServerApplicationContext.onRefresh(ServletWebServerApplicationContext.java:167)
	... 8 common frames omitted
Caused by: org.springframework.beans.factory.UnsatisfiedDependencyException: Error creating bean with name 'jwtFiltroDeAutenticacao' defined in file [/home/dev2/Documents/Java/PDV/backend/target/classes/com/crossmade/pdv/aplicacao/usuario/servicos/JwtFiltroDeAutenticacao.class]: Unsatisfied dependency expressed through constructor parameter 1: Error creating bean with name 'autenticacaoService' defined in file [/home/dev2/Documents/Java/PDV/backend/target/classes/com/crossmade/pdv/aplicacao/usuario/servicos/AutenticacaoService.class]: Unsatisfied dependency expressed through constructor parameter 0: Error creating bean with name 'repositorioUsuarioImpl' defined in file [/home/dev2/Documents/Java/PDV/backend/target/classes/com/crossmade/pdv/infraestrutura/usuario/RepositorioUsuarioImpl.class]: Unsatisfied dependency expressed through constructor parameter 0: Error creating bean with name 'springDataRepositorioUsuario' defined in com.crossmade.pdv.infraestrutura.usuario.SpringDataRepositorioUsuario defined in @EnableJpaRepositories declared on JpaRepositoriesRegistrar.EnableJpaRepositoriesConfiguration: Cannot resolve reference to bean 'jpaSharedEM_entityManagerFactory' while setting bean property 'entityManager'
	at org.springframework.beans.factory.support.ConstructorResolver.createArgumentArray(ConstructorResolver.java:804)
	at org.springframework.beans.factory.support.ConstructorResolver.autowireConstructor(ConstructorResolver.java:240)
	at org.springframework.beans.factory.support.AbstractAutowireCapableBeanFactory.autowireConstructor(AbstractAutowireCapableBeanFactory.java:1395)
	at org.springframework.beans.factory.support.AbstractAutowireCapableBeanFactory.createBeanInstance(AbstractAutowireCapableBeanFactory.java:1232)
	at org.springframework.beans.factory.support.AbstractAutowireCapableBeanFactory.doCreateBean(AbstractAutowireCapableBeanFactory.java:569)
	at org.springframework.beans.factory.support.AbstractAutowireCapableBeanFactory.createBean(AbstractAutowireCapableBeanFactory.java:529)
	at org.springframework.beans.factory.support.AbstractBeanFactory.lambda$doGetBean$0(AbstractBeanFactory.java:339)
	at org.springframework.beans.factory.support.DefaultSingletonBeanRegistry.getSingleton(DefaultSingletonBeanRegistry.java:373)
	at org.springframework.beans.factory.support.AbstractBeanFactory.doGetBean(AbstractBeanFactory.java:337)
	at org.springframework.beans.factory.support.AbstractBeanFactory.getBean(AbstractBeanFactory.java:207)
	at org.springframework.boot.web.servlet.ServletContextInitializerBeans.getOrderedBeansOfType(ServletContextInitializerBeans.java:230)
	at org.springframework.boot.web.servlet.ServletContextInitializerBeans.addAsRegistrationBean(ServletContextInitializerBeans.java:184)
	at org.springframework.boot.web.servlet.ServletContextInitializerBeans.addAsRegistrationBean(ServletContextInitializerBeans.java:179)
	at org.springframework.boot.web.servlet.ServletContextInitializerBeans.addAdaptableBeans(ServletContextInitializerBeans.java:164)
	at org.springframework.boot.web.servlet.ServletContextInitializerBeans.<init>(ServletContextInitializerBeans.java:96)
	at org.springframework.boot.web.servlet.context.ServletWebServerApplicationContext.getServletContextInitializerBeans(ServletWebServerApplicationContext.java:271)
	at org.springframework.boot.web.servlet.context.ServletWebServerApplicationContext.selfInitialize(ServletWebServerApplicationContext.java:245)
	at org.springframework.boot.web.embedded.tomcat.TomcatStarter.onStartup(TomcatStarter.java:52)
	at org.apache.catalina.core.StandardContext.startInternal(StandardContext.java:4464)
	at org.apache.catalina.util.LifecycleBase.start(LifecycleBase.java:164)
	at org.apache.catalina.core.ContainerBase$StartChild.call(ContainerBase.java:1203)
	at org.apache.catalina.core.ContainerBase$StartChild.call(ContainerBase.java:1193)
	at java.base/java.util.concurrent.FutureTask.run(FutureTask.java:317)
	at org.apache.tomcat.util.threads.InlineExecutorService.execute(InlineExecutorService.java:75)
	at java.base/java.util.concurrent.AbstractExecutorService.submit(AbstractExecutorService.java:145)
	at org.apache.catalina.core.ContainerBase.startInternal(ContainerBase.java:749)
	at org.apache.catalina.core.StandardHost.startInternal(StandardHost.java:772)
	at org.apache.catalina.util.LifecycleBase.start(LifecycleBase.java:164)
	at org.apache.catalina.core.ContainerBase$StartChild.call(ContainerBase.java:1203)
	at org.apache.catalina.core.ContainerBase$StartChild.call(ContainerBase.java:1193)
	at java.base/java.util.concurrent.FutureTask.run(FutureTask.java:317)
	at org.apache.tomcat.util.threads.InlineExecutorService.execute(InlineExecutorService.java:75)
	at java.base/java.util.concurrent.AbstractExecutorService.submit(AbstractExecutorService.java:145)
	at org.apache.catalina.core.ContainerBase.startInternal(ContainerBase.java:749)
	at org.apache.catalina.core.StandardEngine.startInternal(StandardEngine.java:203)
	at org.apache.catalina.util.LifecycleBase.start(LifecycleBase.java:164)
	at org.apache.catalina.core.StandardService.startInternal(StandardService.java:412)
	at org.apache.catalina.util.LifecycleBase.start(LifecycleBase.java:164)
	at org.apache.catalina.core.StandardServer.startInternal(StandardServer.java:870)
	at org.apache.catalina.util.LifecycleBase.start(LifecycleBase.java:164)
	at org.apache.catalina.startup.Tomcat.start(Tomcat.java:438)
	at org.springframework.boot.web.embedded.tomcat.TomcatWebServer.initialize(TomcatWebServer.java:128)
	... 13 common frames omitted
Caused by: org.springframework.beans.factory.UnsatisfiedDependencyException: Error creating bean with name 'autenticacaoService' defined in file [/home/dev2/Documents/Java/PDV/backend/target/classes/com/crossmade/pdv/aplicacao/usuario/servicos/AutenticacaoService.class]: Unsatisfied dependency expressed through constructor parameter 0: Error creating bean with name 'repositorioUsuarioImpl' defined in file [/home/dev2/Documents/Java/PDV/backend/target/classes/com/crossmade/pdv/infraestrutura/usuario/RepositorioUsuarioImpl.class]: Unsatisfied dependency expressed through constructor parameter 0: Error creating bean with name 'springDataRepositorioUsuario' defined in com.crossmade.pdv.infraestrutura.usuario.SpringDataRepositorioUsuario defined in @EnableJpaRepositories declared on JpaRepositoriesRegistrar.EnableJpaRepositoriesConfiguration: Cannot resolve reference to bean 'jpaSharedEM_entityManagerFactory' while setting bean property 'entityManager'
	at org.springframework.beans.factory.support.ConstructorResolver.createArgumentArray(ConstructorResolver.java:804)
	at org.springframework.beans.factory.support.ConstructorResolver.autowireConstructor(ConstructorResolver.java:240)
	at org.springframework.beans.factory.support.AbstractAutowireCapableBeanFactory.autowireConstructor(AbstractAutowireCapableBeanFactory.java:1395)
	at org.springframework.beans.factory.support.AbstractAutowireCapableBeanFactory.createBeanInstance(AbstractAutowireCapableBeanFactory.java:1232)
	at org.springframework.beans.factory.support.AbstractAutowireCapableBeanFactory.doCreateBean(AbstractAutowireCapableBeanFactory.java:569)
	at org.springframework.beans.factory.support.AbstractAutowireCapableBeanFactory.createBean(AbstractAutowireCapableBeanFactory.java:529)
	at org.springframework.beans.factory.support.AbstractBeanFactory.lambda$doGetBean$0(AbstractBeanFactory.java:339)
	at org.springframework.beans.factory.support.DefaultSingletonBeanRegistry.getSingleton(DefaultSingletonBeanRegistry.java:373)
	at org.springframework.beans.factory.support.AbstractBeanFactory.doGetBean(AbstractBeanFactory.java:337)
	at org.springframework.beans.factory.support.AbstractBeanFactory.getBean(AbstractBeanFactory.java:202)
	at org.springframework.beans.factory.config.DependencyDescriptor.resolveCandidate(DependencyDescriptor.java:254)
	at org.springframework.beans.factory.support.DefaultListableBeanFactory.doResolveDependency(DefaultListableBeanFactory.java:1745)
	at org.springframework.beans.factory.support.DefaultListableBeanFactory.resolveDependency(DefaultListableBeanFactory.java:1628)
	at org.springframework.beans.factory.support.ConstructorResolver.resolveAutowiredArgument(ConstructorResolver.java:913)
	at org.springframework.beans.factory.support.ConstructorResolver.createArgumentArray(ConstructorResolver.java:791)
	... 54 common frames omitted
Caused by: org.springframework.beans.factory.UnsatisfiedDependencyException: Error creating bean with name 'repositorioUsuarioImpl' defined in file [/home/dev2/Documents/Java/PDV/backend/target/classes/com/crossmade/pdv/infraestrutura/usuario/RepositorioUsuarioImpl.class]: Unsatisfied dependency expressed through constructor parameter 0: Error creating bean with name 'springDataRepositorioUsuario' defined in com.crossmade.pdv.infraestrutura.usuario.SpringDataRepositorioUsuario defined in @EnableJpaRepositories declared on JpaRepositoriesRegistrar.EnableJpaRepositoriesConfiguration: Cannot resolve reference to bean 'jpaSharedEM_entityManagerFactory' while setting bean property 'entityManager'
	at org.springframework.beans.factory.support.ConstructorResolver.createArgumentArray(ConstructorResolver.java:804)
	at org.springframework.beans.factory.support.ConstructorResolver.autowireConstructor(ConstructorResolver.java:240)
	at org.springframework.beans.factory.support.AbstractAutowireCapableBeanFactory.autowireConstructor(AbstractAutowireCapableBeanFactory.java:1395)
	at org.springframework.beans.factory.support.AbstractAutowireCapableBeanFactory.createBeanInstance(AbstractAutowireCapableBeanFactory.java:1232)
	at org.springframework.beans.factory.support.AbstractAutowireCapableBeanFactory.doCreateBean(AbstractAutowireCapableBeanFactory.java:569)
	at org.springframework.beans.factory.support.AbstractAutowireCapableBeanFactory.createBean(AbstractAutowireCapableBeanFactory.java:529)
	at org.springframework.beans.factory.support.AbstractBeanFactory.lambda$doGetBean$0(AbstractBeanFactory.java:339)
	at org.springframework.beans.factory.support.DefaultSingletonBeanRegistry.getSingleton(DefaultSingletonBeanRegistry.java:373)
	at org.springframework.beans.factory.support.AbstractBeanFactory.doGetBean(AbstractBeanFactory.java:337)
	at org.springframework.beans.factory.support.AbstractBeanFactory.getBean(AbstractBeanFactory.java:202)
	at org.springframework.beans.factory.config.DependencyDescriptor.resolveCandidate(DependencyDescriptor.java:254)
	at org.springframework.beans.factory.support.DefaultListableBeanFactory.doResolveDependency(DefaultListableBeanFactory.java:1745)
	at org.springframework.beans.factory.support.DefaultListableBeanFactory.resolveDependency(DefaultListableBeanFactory.java:1628)
	at org.springframework.beans.factory.support.ConstructorResolver.resolveAutowiredArgument(ConstructorResolver.java:913)
	at org.springframework.beans.factory.support.ConstructorResolver.createArgumentArray(ConstructorResolver.java:791)
	... 68 common frames omitted
Caused by: org.springframework.beans.factory.BeanCreationException: Error creating bean with name 'springDataRepositorioUsuario' defined in com.crossmade.pdv.infraestrutura.usuario.SpringDataRepositorioUsuario defined in @EnableJpaRepositories declared on JpaRepositoriesRegistrar.EnableJpaRepositoriesConfiguration: Cannot resolve reference to bean 'jpaSharedEM_entityManagerFactory' while setting bean property 'entityManager'
	at org.springframework.beans.factory.support.BeanDefinitionValueResolver.resolveReference(BeanDefinitionValueResolver.java:377)
	at org.springframework.beans.factory.support.BeanDefinitionValueResolver.resolveValueIfNecessary(BeanDefinitionValueResolver.java:135)
	at org.springframework.beans.factory.support.AbstractAutowireCapableBeanFactory.applyPropertyValues(AbstractAutowireCapableBeanFactory.java:1725)
	at org.springframework.beans.factory.support.AbstractAutowireCapableBeanFactory.populateBean(AbstractAutowireCapableBeanFactory.java:1474)
	at org.springframework.beans.factory.support.AbstractAutowireCapableBeanFactory.doCreateBean(AbstractAutowireCapableBeanFactory.java:606)
	at org.springframework.beans.factory.support.AbstractAutowireCapableBeanFactory.createBean(AbstractAutowireCapableBeanFactory.java:529)
	at org.springframework.beans.factory.support.AbstractBeanFactory.lambda$doGetBean$0(AbstractBeanFactory.java:339)
	at org.springframework.beans.factory.support.DefaultSingletonBeanRegistry.getSingleton(DefaultSingletonBeanRegistry.java:373)
	at org.springframework.beans.factory.support.AbstractBeanFactory.doGetBean(AbstractBeanFactory.java:337)
	at org.springframework.beans.factory.support.AbstractBeanFactory.getBean(AbstractBeanFactory.java:202)
	at org.springframework.beans.factory.config.DependencyDescriptor.resolveCandidate(DependencyDescriptor.java:254)
	at org.springframework.beans.factory.support.DefaultListableBeanFactory.doResolveDependency(DefaultListableBeanFactory.java:1745)
	at org.springframework.beans.factory.support.DefaultListableBeanFactory.resolveDependency(DefaultListableBeanFactory.java:1628)
	at org.springframework.beans.factory.support.ConstructorResolver.resolveAutowiredArgument(ConstructorResolver.java:913)
	at org.springframework.beans.factory.support.ConstructorResolver.createArgumentArray(ConstructorResolver.java:791)
	... 82 common frames omitted
Caused by: org.springframework.beans.factory.BeanCreationException: Error creating bean with name 'jpaSharedEM_entityManagerFactory': Cannot resolve reference to bean 'entityManagerFactory' while setting constructor argument
	at org.springframework.beans.factory.support.BeanDefinitionValueResolver.resolveReference(BeanDefinitionValueResolver.java:377)
	at org.springframework.beans.factory.support.BeanDefinitionValueResolver.resolveValueIfNecessary(BeanDefinitionValueResolver.java:135)
	at org.springframework.beans.factory.support.ConstructorResolver.resolveConstructorArguments(ConstructorResolver.java:691)
	at org.springframework.beans.factory.support.ConstructorResolver.instantiateUsingFactoryMethod(ConstructorResolver.java:513)
	at org.springframework.beans.factory.support.AbstractAutowireCapableBeanFactory.instantiateUsingFactoryMethod(AbstractAutowireCapableBeanFactory.java:1375)
	at org.springframework.beans.factory.support.AbstractAutowireCapableBeanFactory.createBeanInstance(AbstractAutowireCapableBeanFactory.java:1205)
	at org.springframework.beans.factory.support.AbstractAutowireCapableBeanFactory.doCreateBean(AbstractAutowireCapableBeanFactory.java:569)
	at org.springframework.beans.factory.support.AbstractAutowireCapableBeanFactory.createBean(AbstractAutowireCapableBeanFactory.java:529)
	at org.springframework.beans.factory.support.AbstractBeanFactory.lambda$doGetBean$0(AbstractBeanFactory.java:339)
	at org.springframework.beans.factory.support.DefaultSingletonBeanRegistry.getSingleton(DefaultSingletonBeanRegistry.java:373)
	at org.springframework.beans.factory.support.AbstractBeanFactory.doGetBean(AbstractBeanFactory.java:337)
	at org.springframework.beans.factory.support.AbstractBeanFactory.getBean(AbstractBeanFactory.java:202)
	at org.springframework.beans.factory.support.BeanDefinitionValueResolver.resolveReference(BeanDefinitionValueResolver.java:365)
	... 96 common frames omitted
Caused by: org.springframework.beans.factory.BeanCreationException: Error creating bean with name 'entityManagerFactory' defined in class path resource [org/springframework/boot/autoconfigure/orm/jpa/HibernateJpaConfiguration.class]: Collection 'com.crossmade.pdv.dominio.produto.Produto.pedidos' is 'mappedBy' a property named 'produtos' which does not exist in the target entity 'com.crossmade.pdv.dominio.pedido.Pedido'
	at org.springframework.beans.factory.support.AbstractAutowireCapableBeanFactory.initializeBean(AbstractAutowireCapableBeanFactory.java:1826)
	at org.springframework.beans.factory.support.AbstractAutowireCapableBeanFactory.doCreateBean(AbstractAutowireCapableBeanFactory.java:607)
	at org.springframework.beans.factory.support.AbstractAutowireCapableBeanFactory.createBean(AbstractAutowireCapableBeanFactory.java:529)
	at org.springframework.beans.factory.support.AbstractBeanFactory.lambda$doGetBean$0(AbstractBeanFactory.java:339)
	at org.springframework.beans.factory.support.DefaultSingletonBeanRegistry.getSingleton(DefaultSingletonBeanRegistry.java:373)
	at org.springframework.beans.factory.support.AbstractBeanFactory.doGetBean(AbstractBeanFactory.java:337)
	at org.springframework.beans.factory.support.AbstractBeanFactory.getBean(AbstractBeanFactory.java:202)
	at org.springframework.beans.factory.support.BeanDefinitionValueResolver.resolveReference(BeanDefinitionValueResolver.java:365)
	... 108 common frames omitted
Caused by: org.hibernate.AnnotationException: Collection 'com.crossmade.pdv.dominio.produto.Produto.pedidos' is 'mappedBy' a property named 'produtos' which does not exist in the target entity 'com.crossmade.pdv.dominio.pedido.Pedido'
	at org.hibernate.boot.model.internal.CollectionBinder.isReversePropertyInJoin(CollectionBinder.java:1638)
	at org.hibernate.boot.model.internal.CollectionBinder.noAssociationTable(CollectionBinder.java:1652)
	at org.hibernate.boot.model.internal.CollectionBinder.bindStarToManySecondPass(CollectionBinder.java:1613)
	at org.hibernate.boot.model.internal.CollectionBinder$1.secondPass(CollectionBinder.java:1604)
	at org.hibernate.boot.model.internal.CollectionSecondPass.doSecondPass(CollectionSecondPass.java:45)
	at org.hibernate.boot.internal.InFlightMetadataCollectorImpl.processSecondPasses(InFlightMetadataCollectorImpl.java:1842)
	at org.hibernate.boot.internal.InFlightMetadataCollectorImpl.processSecondPasses(InFlightMetadataCollectorImpl.java:1800)
	at org.hibernate.boot.model.process.spi.MetadataBuildingProcess.complete(MetadataBuildingProcess.java:334)
	at org.hibernate.jpa.boot.internal.EntityManagerFactoryBuilderImpl.metadata(EntityManagerFactoryBuilderImpl.java:1442)
	at org.hibernate.jpa.boot.internal.EntityManagerFactoryBuilderImpl.build(EntityManagerFactoryBuilderImpl.java:1513)
	at org.springframework.orm.jpa.vendor.SpringHibernateJpaPersistenceProvider.createContainerEntityManagerFactory(SpringHibernateJpaPersistenceProvider.java:66)
	at org.springframework.orm.jpa.LocalContainerEntityManagerFactoryBean.createNativeEntityManagerFactory(LocalContainerEntityManagerFactoryBean.java:390)
	at org.springframework.orm.jpa.AbstractEntityManagerFactoryBean.buildNativeEntityManagerFactory(AbstractEntityManagerFactoryBean.java:419)
	at org.springframework.orm.jpa.AbstractEntityManagerFactoryBean.afterPropertiesSet(AbstractEntityManagerFactoryBean.java:400)
	at org.springframework.orm.jpa.LocalContainerEntityManagerFactoryBean.afterPropertiesSet(LocalContainerEntityManagerFactoryBean.java:366)
	at org.springframework.beans.factory.support.AbstractAutowireCapableBeanFactory.invokeInitMethods(AbstractAutowireCapableBeanFactory.java:1873)
	at org.springframework.beans.factory.support.AbstractAutowireCapableBeanFactory.initializeBean(AbstractAutowireCapableBeanFactory.java:1822)
	... 115 common frames omitted
2025-10-21 17:20:57,840 [main] INFO  com.crossmade.pdv.PdvApplication - Starting PdvApplication using Java 21.0.8 with PID 142780 (/home/dev2/Documents/Java/PDV/backend/target/classes started by dev2 in /home/dev2/Documents/Java/PDV/backend)
2025-10-21 17:20:57,844 [main] DEBUG com.crossmade.pdv.PdvApplication - Running with Spring Boot v3.5.4, Spring v6.2.9
2025-10-21 17:20:57,846 [main] INFO  com.crossmade.pdv.PdvApplication - No active profile set, falling back to 1 default profile: "default"
2025-10-21 17:20:58,815 [main] INFO  o.s.d.r.c.RepositoryConfigurationDelegate - Bootstrapping Spring Data JPA repositories in DEFAULT mode.
2025-10-21 17:20:58,919 [main] INFO  o.s.d.r.c.RepositoryConfigurationDelegate - Finished Spring Data repository scanning in 92 ms. Found 7 JPA repository interfaces.
2025-10-21 17:20:59,567 [main] INFO  o.s.b.w.e.tomcat.TomcatWebServer - Tomcat initialized with port 8080 (http)
2025-10-21 17:20:59,582 [main] INFO  o.a.catalina.core.StandardService - Starting service [Tomcat]
2025-10-21 17:20:59,582 [main] INFO  o.a.catalina.core.StandardEngine - Starting Servlet engine: [Apache Tomcat/10.1.43]
2025-10-21 17:20:59,625 [main] INFO  o.a.c.c.C.[Tomcat].[localhost].[/] - Initializing Spring embedded WebApplicationContext
2025-10-21 17:20:59,626 [main] INFO  o.s.b.w.s.c.ServletWebServerApplicationContext - Root WebApplicationContext: initialization completed in 1713 ms
2025-10-21 17:20:59,825 [main] INFO  o.h.jpa.internal.util.LogHelper - HHH000204: Processing PersistenceUnitInfo [name: default]
2025-10-21 17:20:59,866 [main] INFO  org.hibernate.Version - HHH000412: Hibernate ORM core version 6.6.22.Final
2025-10-21 17:20:59,899 [main] INFO  o.h.c.i.RegionFactoryInitiator - HHH000026: Second-level cache disabled
2025-10-21 17:21:00,205 [main] INFO  o.s.o.j.p.SpringPersistenceUnitInfo - No LoadTimeWeaver setup: ignoring JPA class transformer
2025-10-21 17:21:00,234 [main] INFO  com.zaxxer.hikari.HikariDataSource - HikariPool-1 - Starting...
2025-10-21 17:21:00,440 [main] INFO  com.zaxxer.hikari.pool.HikariPool - HikariPool-1 - Added connection org.postgresql.jdbc.PgConnection@31f7eb8
2025-10-21 17:21:00,442 [main] INFO  com.zaxxer.hikari.HikariDataSource - HikariPool-1 - Start completed.
2025-10-21 17:21:00,473 [main] WARN  org.hibernate.orm.deprecation - HHH90000025: PostgreSQLDialect does not need to be specified explicitly using 'hibernate.dialect' (remove the property setting and it will be selected by default)
2025-10-21 17:21:00,495 [main] INFO  o.hibernate.orm.connections.pooling - HHH10001005: Database info:
	Database JDBC URL [Connecting through datasource 'HikariDataSource (HikariPool-1)']
	Database driver: undefined/unknown
	Database version: 16.10
	Autocommit mode: undefined/unknown
	Isolation level: undefined/unknown
	Minimum pool size: undefined/unknown
	Maximum pool size: undefined/unknown
2025-10-21 17:21:01,606 [main] INFO  o.h.e.t.j.p.i.JtaPlatformInitiator - HHH000489: No JTA platform available (set 'hibernate.transaction.jta.platform' to enable JTA platform integration)
2025-10-21 17:21:01,711 [main] WARN  o.h.e.jdbc.spi.SqlExceptionHelper - SQL Warning Code: 0, SQLState: 00000
2025-10-21 17:21:01,712 [main] WARN  o.h.e.jdbc.spi.SqlExceptionHelper - constraint "ukbuy7emca4ci5lbbk7k5gwuucr" of relation "itens_do_orcamento" does not exist, skipping
2025-10-21 17:21:01,718 [main] WARN  o.h.e.jdbc.spi.SqlExceptionHelper - SQL Warning Code: 0, SQLState: 00000
2025-10-21 17:21:01,719 [main] WARN  o.h.e.jdbc.spi.SqlExceptionHelper - constraint "ukr7rdnx711rlnry0nmartvowgt" of relation "itens_do_pedido" does not exist, skipping
2025-10-21 17:21:01,876 [main] INFO  o.s.o.j.LocalContainerEntityManagerFactoryBean - Initialized JPA EntityManagerFactory for persistence unit 'default'
2025-10-21 17:21:02,190 [main] DEBUG c.c.p.a.u.s.JwtFiltroDeAutenticacao - Filter 'jwtFiltroDeAutenticacao' configured for use
2025-10-21 17:21:02,381 [main] INFO  o.s.d.j.r.query.QueryEnhancerFactory - Hibernate is in classpath; If applicable, HQL parser will be used.
2025-10-21 17:21:02,463 [main] INFO  o.s.s.c.a.a.c.InitializeAuthenticationProviderBeanManagerConfigurer$InitializeAuthenticationProviderManagerConfigurer - Global AuthenticationManager configured with AuthenticationProvider bean with name authenticationProvider
2025-10-21 17:21:02,464 [main] WARN  o.s.s.c.a.a.c.InitializeUserDetailsBeanManagerConfigurer$InitializeUserDetailsManagerConfigurer - Global AuthenticationManager configured with an AuthenticationProvider bean. UserDetailsService beans will not be used by Spring Security for automatically configuring username/password login. Consider removing the AuthenticationProvider bean. Alternatively, consider using the UserDetailsService in a manually instantiated DaoAuthenticationProvider. If the current configuration is intentional, to turn off this warning, increase the logging level of 'org.springframework.security.config.annotation.authentication.configuration.InitializeUserDetailsBeanManagerConfigurer' to ERROR
2025-10-21 17:21:02,507 [main] WARN  o.s.b.a.o.j.JpaBaseConfiguration$JpaWebConfiguration - spring.jpa.open-in-view is enabled by default. Therefore, database queries may be performed during view rendering. Explicitly configure spring.jpa.open-in-view to disable this warning
2025-10-21 17:21:03,143 [main] INFO  o.s.b.w.e.tomcat.TomcatWebServer - Tomcat started on port 8080 (http) with context path '/'
2025-10-21 17:21:03,152 [main] INFO  com.crossmade.pdv.PdvApplication - Started PdvApplication in 6.079 seconds (process running for 6.501)
2025-10-21 17:24:24,601 [SpringApplicationShutdownHook] INFO  o.s.b.w.e.tomcat.GracefulShutdown - Commencing graceful shutdown. Waiting for active requests to complete
2025-10-21 17:24:24,604 [tomcat-shutdown] INFO  o.s.b.w.e.tomcat.GracefulShutdown - Graceful shutdown complete
2025-10-21 17:24:24,611 [SpringApplicationShutdownHook] INFO  o.s.o.j.LocalContainerEntityManagerFactoryBean - Closing JPA EntityManagerFactory for persistence unit 'default'
2025-10-21 17:24:24,613 [SpringApplicationShutdownHook] INFO  com.zaxxer.hikari.HikariDataSource - HikariPool-1 - Shutdown initiated...
2025-10-21 17:24:24,616 [SpringApplicationShutdownHook] INFO  com.zaxxer.hikari.HikariDataSource - HikariPool-1 - Shutdown completed.
2025-10-21 17:29:30,644 [main] INFO  com.crossmade.pdv.PdvApplication - Starting PdvApplication using Java 21.0.8 with PID 149002 (/home/dev2/Documents/Java/PDV/backend/target/classes started by dev2 in /home/dev2/Documents/Java/PDV/backend)
2025-10-21 17:29:30,649 [main] DEBUG com.crossmade.pdv.PdvApplication - Running with Spring Boot v3.5.4, Spring v6.2.9
2025-10-21 17:29:30,652 [main] INFO  com.crossmade.pdv.PdvApplication - No active profile set, falling back to 1 default profile: "default"
2025-10-21 17:29:31,616 [main] INFO  o.s.d.r.c.RepositoryConfigurationDelegate - Bootstrapping Spring Data JPA repositories in DEFAULT mode.
2025-10-21 17:29:31,714 [main] INFO  o.s.d.r.c.RepositoryConfigurationDelegate - Finished Spring Data repository scanning in 88 ms. Found 7 JPA repository interfaces.
2025-10-21 17:29:32,313 [main] INFO  o.s.b.w.e.tomcat.TomcatWebServer - Tomcat initialized with port 8080 (http)
2025-10-21 17:29:32,327 [main] INFO  o.a.catalina.core.StandardService - Starting service [Tomcat]
2025-10-21 17:29:32,328 [main] INFO  o.a.catalina.core.StandardEngine - Starting Servlet engine: [Apache Tomcat/10.1.43]
2025-10-21 17:29:32,368 [main] INFO  o.a.c.c.C.[Tomcat].[localhost].[/] - Initializing Spring embedded WebApplicationContext
2025-10-21 17:29:32,369 [main] INFO  o.s.b.w.s.c.ServletWebServerApplicationContext - Root WebApplicationContext: initialization completed in 1627 ms
2025-10-21 17:29:32,526 [main] INFO  o.h.jpa.internal.util.LogHelper - HHH000204: Processing PersistenceUnitInfo [name: default]
2025-10-21 17:29:32,574 [main] INFO  org.hibernate.Version - HHH000412: Hibernate ORM core version 6.6.22.Final
2025-10-21 17:29:32,614 [main] INFO  o.h.c.i.RegionFactoryInitiator - HHH000026: Second-level cache disabled
2025-10-21 17:29:32,952 [main] INFO  o.s.o.j.p.SpringPersistenceUnitInfo - No LoadTimeWeaver setup: ignoring JPA class transformer
2025-10-21 17:29:32,979 [main] INFO  com.zaxxer.hikari.HikariDataSource - HikariPool-1 - Starting...
2025-10-21 17:29:33,157 [main] INFO  com.zaxxer.hikari.pool.HikariPool - HikariPool-1 - Added connection org.postgresql.jdbc.PgConnection@531a716c
2025-10-21 17:29:33,159 [main] INFO  com.zaxxer.hikari.HikariDataSource - HikariPool-1 - Start completed.
2025-10-21 17:29:33,193 [main] WARN  org.hibernate.orm.deprecation - HHH90000025: PostgreSQLDialect does not need to be specified explicitly using 'hibernate.dialect' (remove the property setting and it will be selected by default)
2025-10-21 17:29:33,212 [main] INFO  o.hibernate.orm.connections.pooling - HHH10001005: Database info:
	Database JDBC URL [Connecting through datasource 'HikariDataSource (HikariPool-1)']
	Database driver: undefined/unknown
	Database version: 16.10
	Autocommit mode: undefined/unknown
	Isolation level: undefined/unknown
	Minimum pool size: undefined/unknown
	Maximum pool size: undefined/unknown
2025-10-21 17:29:33,460 [main] ERROR o.s.o.j.LocalContainerEntityManagerFactoryBean - Failed to initialize JPA EntityManagerFactory: Collection 'com.crossmade.pdv.dominio.orcamento.Orcamento.itens' is 'mappedBy' a property named 'orcamentos' which does not exist in the target entity 'com.crossmade.pdv.dominio.orcamento.ItemDoOrcamento'
2025-10-21 17:29:33,465 [main] ERROR o.s.b.w.e.tomcat.TomcatStarter - Error starting Tomcat context. Exception: org.springframework.beans.factory.UnsatisfiedDependencyException. Message: Error creating bean with name 'jwtFiltroDeAutenticacao' defined in file [/home/dev2/Documents/Java/PDV/backend/target/classes/com/crossmade/pdv/aplicacao/usuario/servicos/JwtFiltroDeAutenticacao.class]: Unsatisfied dependency expressed through constructor parameter 1: Error creating bean with name 'autenticacaoService' defined in file [/home/dev2/Documents/Java/PDV/backend/target/classes/com/crossmade/pdv/aplicacao/usuario/servicos/AutenticacaoService.class]: Unsatisfied dependency expressed through constructor parameter 0: Error creating bean with name 'repositorioUsuarioImpl' defined in file [/home/dev2/Documents/Java/PDV/backend/target/classes/com/crossmade/pdv/infraestrutura/usuario/RepositorioUsuarioImpl.class]: Unsatisfied dependency expressed through constructor parameter 0: Error creating bean with name 'springDataRepositorioUsuario' defined in com.crossmade.pdv.infraestrutura.usuario.SpringDataRepositorioUsuario defined in @EnableJpaRepositories declared on JpaRepositoriesRegistrar.EnableJpaRepositoriesConfiguration: Cannot resolve reference to bean 'jpaSharedEM_entityManagerFactory' while setting bean property 'entityManager'
2025-10-21 17:29:33,497 [main] INFO  o.a.catalina.core.StandardService - Stopping service [Tomcat]
2025-10-21 17:29:33,501 [main] WARN  o.a.c.loader.WebappClassLoaderBase - The web application [ROOT] appears to have started a thread named [HikariPool-1:housekeeper] but has failed to stop it. This is very likely to create a memory leak. Stack trace of thread:
 java.base/jdk.internal.misc.Unsafe.park(Native Method)
 java.base/java.util.concurrent.locks.LockSupport.parkNanos(LockSupport.java:269)
 java.base/java.util.concurrent.locks.AbstractQueuedSynchronizer$ConditionObject.awaitNanos(AbstractQueuedSynchronizer.java:1763)
 java.base/java.util.concurrent.ScheduledThreadPoolExecutor$DelayedWorkQueue.take(ScheduledThreadPoolExecutor.java:1182)
 java.base/java.util.concurrent.ScheduledThreadPoolExecutor$DelayedWorkQueue.take(ScheduledThreadPoolExecutor.java:899)
 java.base/java.util.concurrent.ThreadPoolExecutor.getTask(ThreadPoolExecutor.java:1070)
 java.base/java.util.concurrent.ThreadPoolExecutor.runWorker(ThreadPoolExecutor.java:1130)
 java.base/java.util.concurrent.ThreadPoolExecutor$Worker.run(ThreadPoolExecutor.java:642)
 java.base/java.lang.Thread.run(Thread.java:1583)
2025-10-21 17:29:33,501 [main] WARN  o.a.c.loader.WebappClassLoaderBase - The web application [ROOT] appears to have started a thread named [HikariPool-1:connection-adder] but has failed to stop it. This is very likely to create a memory leak. Stack trace of thread:
 java.base/sun.nio.ch.Net.poll(Native Method)
 java.base/sun.nio.ch.NioSocketImpl.park(NioSocketImpl.java:191)
 java.base/sun.nio.ch.NioSocketImpl.park(NioSocketImpl.java:201)
 java.base/sun.nio.ch.NioSocketImpl.implRead(NioSocketImpl.java:309)
 java.base/sun.nio.ch.NioSocketImpl.read(NioSocketImpl.java:346)
 java.base/sun.nio.ch.NioSocketImpl$1.read(NioSocketImpl.java:796)
 java.base/java.net.Socket$SocketInputStream.read(Socket.java:1099)
 org.postgresql.core.VisibleBufferedInputStream.readMore(VisibleBufferedInputStream.java:162)
 org.postgresql.core.VisibleBufferedInputStream.ensureBytes(VisibleBufferedInputStream.java:129)
 org.postgresql.core.VisibleBufferedInputStream.ensureBytes(VisibleBufferedInputStream.java:114)
 org.postgresql.core.VisibleBufferedInputStream.read(VisibleBufferedInputStream.java:74)
 org.postgresql.core.PGStream.receiveChar(PGStream.java:467)
 org.postgresql.core.v3.ConnectionFactoryImpl.doAuthentication(ConnectionFactoryImpl.java:683)
 org.postgresql.core.v3.ConnectionFactoryImpl.tryConnect(ConnectionFactoryImpl.java:207)
 org.postgresql.core.v3.ConnectionFactoryImpl.openConnectionImpl(ConnectionFactoryImpl.java:262)
 org.postgresql.core.ConnectionFactory.openConnection(ConnectionFactory.java:54)
 org.postgresql.jdbc.PgConnection.<init>(PgConnection.java:273)
 org.postgresql.Driver.makeConnection(Driver.java:446)
 org.postgresql.Driver.connect(Driver.java:298)
 com.zaxxer.hikari.util.DriverDataSource.getConnection(DriverDataSource.java:144)
 com.zaxxer.hikari.pool.PoolBase.newConnection(PoolBase.java:368)
 com.zaxxer.hikari.pool.PoolBase.newPoolEntry(PoolBase.java:205)
 com.zaxxer.hikari.pool.HikariPool.createPoolEntry(HikariPool.java:488)
 com.zaxxer.hikari.pool.HikariPool$PoolEntryCreator.call(HikariPool.java:752)
 com.zaxxer.hikari.pool.HikariPool$PoolEntryCreator.call(HikariPool.java:731)
 java.base/java.util.concurrent.FutureTask.run(FutureTask.java:317)
 java.base/java.util.concurrent.ThreadPoolExecutor.runWorker(ThreadPoolExecutor.java:1144)
 java.base/java.util.concurrent.ThreadPoolExecutor$Worker.run(ThreadPoolExecutor.java:642)
 java.base/java.lang.Thread.run(Thread.java:1583)
2025-10-21 17:29:33,504 [main] WARN  o.s.b.w.s.c.AnnotationConfigServletWebServerApplicationContext - Exception encountered during context initialization - cancelling refresh attempt: org.springframework.context.ApplicationContextException: Unable to start web server
2025-10-21 17:29:33,505 [main] INFO  com.zaxxer.hikari.HikariDataSource - HikariPool-1 - Shutdown initiated...
2025-10-21 17:29:33,552 [main] INFO  com.zaxxer.hikari.HikariDataSource - HikariPool-1 - Shutdown completed.
2025-10-21 17:29:33,561 [main] INFO  o.s.b.a.l.ConditionEvaluationReportLogger - 

Error starting ApplicationContext. To display the condition evaluation report re-run your application with 'debug' enabled.
2025-10-21 17:29:33,575 [main] ERROR o.s.boot.SpringApplication - Application run failed
org.springframework.context.ApplicationContextException: Unable to start web server
	at org.springframework.boot.web.servlet.context.ServletWebServerApplicationContext.onRefresh(ServletWebServerApplicationContext.java:170)
	at org.springframework.context.support.AbstractApplicationContext.refresh(AbstractApplicationContext.java:621)
	at org.springframework.boot.web.servlet.context.ServletWebServerApplicationContext.refresh(ServletWebServerApplicationContext.java:146)
	at org.springframework.boot.SpringApplication.refresh(SpringApplication.java:752)
	at org.springframework.boot.SpringApplication.refreshContext(SpringApplication.java:439)
	at org.springframework.boot.SpringApplication.run(SpringApplication.java:318)
	at org.springframework.boot.SpringApplication.run(SpringApplication.java:1361)
	at org.springframework.boot.SpringApplication.run(SpringApplication.java:1350)
	at com.crossmade.pdv.PdvApplication.main(PdvApplication.java:9)
Caused by: org.springframework.boot.web.server.WebServerException: Unable to start embedded Tomcat
	at org.springframework.boot.web.embedded.tomcat.TomcatWebServer.initialize(TomcatWebServer.java:147)
	at org.springframework.boot.web.embedded.tomcat.TomcatWebServer.<init>(TomcatWebServer.java:107)
	at org.springframework.boot.web.embedded.tomcat.TomcatServletWebServerFactory.getTomcatWebServer(TomcatServletWebServerFactory.java:517)
	at org.springframework.boot.web.embedded.tomcat.TomcatServletWebServerFactory.getWebServer(TomcatServletWebServerFactory.java:219)
	at org.springframework.boot.web.servlet.context.ServletWebServerApplicationContext.createWebServer(ServletWebServerApplicationContext.java:193)
	at org.springframework.boot.web.servlet.context.ServletWebServerApplicationContext.onRefresh(ServletWebServerApplicationContext.java:167)
	... 8 common frames omitted
Caused by: org.springframework.beans.factory.UnsatisfiedDependencyException: Error creating bean with name 'jwtFiltroDeAutenticacao' defined in file [/home/dev2/Documents/Java/PDV/backend/target/classes/com/crossmade/pdv/aplicacao/usuario/servicos/JwtFiltroDeAutenticacao.class]: Unsatisfied dependency expressed through constructor parameter 1: Error creating bean with name 'autenticacaoService' defined in file [/home/dev2/Documents/Java/PDV/backend/target/classes/com/crossmade/pdv/aplicacao/usuario/servicos/AutenticacaoService.class]: Unsatisfied dependency expressed through constructor parameter 0: Error creating bean with name 'repositorioUsuarioImpl' defined in file [/home/dev2/Documents/Java/PDV/backend/target/classes/com/crossmade/pdv/infraestrutura/usuario/RepositorioUsuarioImpl.class]: Unsatisfied dependency expressed through constructor parameter 0: Error creating bean with name 'springDataRepositorioUsuario' defined in com.crossmade.pdv.infraestrutura.usuario.SpringDataRepositorioUsuario defined in @EnableJpaRepositories declared on JpaRepositoriesRegistrar.EnableJpaRepositoriesConfiguration: Cannot resolve reference to bean 'jpaSharedEM_entityManagerFactory' while setting bean property 'entityManager'
	at org.springframework.beans.factory.support.ConstructorResolver.createArgumentArray(ConstructorResolver.java:804)
	at org.springframework.beans.factory.support.ConstructorResolver.autowireConstructor(ConstructorResolver.java:240)
	at org.springframework.beans.factory.support.AbstractAutowireCapableBeanFactory.autowireConstructor(AbstractAutowireCapableBeanFactory.java:1395)
	at org.springframework.beans.factory.support.AbstractAutowireCapableBeanFactory.createBeanInstance(AbstractAutowireCapableBeanFactory.java:1232)
	at org.springframework.beans.factory.support.AbstractAutowireCapableBeanFactory.doCreateBean(AbstractAutowireCapableBeanFactory.java:569)
	at org.springframework.beans.factory.support.AbstractAutowireCapableBeanFactory.createBean(AbstractAutowireCapableBeanFactory.java:529)
	at org.springframework.beans.factory.support.AbstractBeanFactory.lambda$doGetBean$0(AbstractBeanFactory.java:339)
	at org.springframework.beans.factory.support.DefaultSingletonBeanRegistry.getSingleton(DefaultSingletonBeanRegistry.java:373)
	at org.springframework.beans.factory.support.AbstractBeanFactory.doGetBean(AbstractBeanFactory.java:337)
	at org.springframework.beans.factory.support.AbstractBeanFactory.getBean(AbstractBeanFactory.java:207)
	at org.springframework.boot.web.servlet.ServletContextInitializerBeans.getOrderedBeansOfType(ServletContextInitializerBeans.java:230)
	at org.springframework.boot.web.servlet.ServletContextInitializerBeans.addAsRegistrationBean(ServletContextInitializerBeans.java:184)
	at org.springframework.boot.web.servlet.ServletContextInitializerBeans.addAsRegistrationBean(ServletContextInitializerBeans.java:179)
	at org.springframework.boot.web.servlet.ServletContextInitializerBeans.addAdaptableBeans(ServletContextInitializerBeans.java:164)
	at org.springframework.boot.web.servlet.ServletContextInitializerBeans.<init>(ServletContextInitializerBeans.java:96)
	at org.springframework.boot.web.servlet.context.ServletWebServerApplicationContext.getServletContextInitializerBeans(ServletWebServerApplicationContext.java:271)
	at org.springframework.boot.web.servlet.context.ServletWebServerApplicationContext.selfInitialize(ServletWebServerApplicationContext.java:245)
	at org.springframework.boot.web.embedded.tomcat.TomcatStarter.onStartup(TomcatStarter.java:52)
	at org.apache.catalina.core.StandardContext.startInternal(StandardContext.java:4464)
	at org.apache.catalina.util.LifecycleBase.start(LifecycleBase.java:164)
	at org.apache.catalina.core.ContainerBase$StartChild.call(ContainerBase.java:1203)
	at org.apache.catalina.core.ContainerBase$StartChild.call(ContainerBase.java:1193)
	at java.base/java.util.concurrent.FutureTask.run(FutureTask.java:317)
	at org.apache.tomcat.util.threads.InlineExecutorService.execute(InlineExecutorService.java:75)
	at java.base/java.util.concurrent.AbstractExecutorService.submit(AbstractExecutorService.java:145)
	at org.apache.catalina.core.ContainerBase.startInternal(ContainerBase.java:749)
	at org.apache.catalina.core.StandardHost.startInternal(StandardHost.java:772)
	at org.apache.catalina.util.LifecycleBase.start(LifecycleBase.java:164)
	at org.apache.catalina.core.ContainerBase$StartChild.call(ContainerBase.java:1203)
	at org.apache.catalina.core.ContainerBase$StartChild.call(ContainerBase.java:1193)
	at java.base/java.util.concurrent.FutureTask.run(FutureTask.java:317)
	at org.apache.tomcat.util.threads.InlineExecutorService.execute(InlineExecutorService.java:75)
	at java.base/java.util.concurrent.AbstractExecutorService.submit(AbstractExecutorService.java:145)
	at org.apache.catalina.core.ContainerBase.startInternal(ContainerBase.java:749)
	at org.apache.catalina.core.StandardEngine.startInternal(StandardEngine.java:203)
	at org.apache.catalina.util.LifecycleBase.start(LifecycleBase.java:164)
	at org.apache.catalina.core.StandardService.startInternal(StandardService.java:412)
	at org.apache.catalina.util.LifecycleBase.start(LifecycleBase.java:164)
	at org.apache.catalina.core.StandardServer.startInternal(StandardServer.java:870)
	at org.apache.catalina.util.LifecycleBase.start(LifecycleBase.java:164)
	at org.apache.catalina.startup.Tomcat.start(Tomcat.java:438)
	at org.springframework.boot.web.embedded.tomcat.TomcatWebServer.initialize(TomcatWebServer.java:128)
	... 13 common frames omitted
Caused by: org.springframework.beans.factory.UnsatisfiedDependencyException: Error creating bean with name 'autenticacaoService' defined in file [/home/dev2/Documents/Java/PDV/backend/target/classes/com/crossmade/pdv/aplicacao/usuario/servicos/AutenticacaoService.class]: Unsatisfied dependency expressed through constructor parameter 0: Error creating bean with name 'repositorioUsuarioImpl' defined in file [/home/dev2/Documents/Java/PDV/backend/target/classes/com/crossmade/pdv/infraestrutura/usuario/RepositorioUsuarioImpl.class]: Unsatisfied dependency expressed through constructor parameter 0: Error creating bean with name 'springDataRepositorioUsuario' defined in com.crossmade.pdv.infraestrutura.usuario.SpringDataRepositorioUsuario defined in @EnableJpaRepositories declared on JpaRepositoriesRegistrar.EnableJpaRepositoriesConfiguration: Cannot resolve reference to bean 'jpaSharedEM_entityManagerFactory' while setting bean property 'entityManager'
	at org.springframework.beans.factory.support.ConstructorResolver.createArgumentArray(ConstructorResolver.java:804)
	at org.springframework.beans.factory.support.ConstructorResolver.autowireConstructor(ConstructorResolver.java:240)
	at org.springframework.beans.factory.support.AbstractAutowireCapableBeanFactory.autowireConstructor(AbstractAutowireCapableBeanFactory.java:1395)
	at org.springframework.beans.factory.support.AbstractAutowireCapableBeanFactory.createBeanInstance(AbstractAutowireCapableBeanFactory.java:1232)
	at org.springframework.beans.factory.support.AbstractAutowireCapableBeanFactory.doCreateBean(AbstractAutowireCapableBeanFactory.java:569)
	at org.springframework.beans.factory.support.AbstractAutowireCapableBeanFactory.createBean(AbstractAutowireCapableBeanFactory.java:529)
	at org.springframework.beans.factory.support.AbstractBeanFactory.lambda$doGetBean$0(AbstractBeanFactory.java:339)
	at org.springframework.beans.factory.support.DefaultSingletonBeanRegistry.getSingleton(DefaultSingletonBeanRegistry.java:373)
	at org.springframework.beans.factory.support.AbstractBeanFactory.doGetBean(AbstractBeanFactory.java:337)
	at org.springframework.beans.factory.support.AbstractBeanFactory.getBean(AbstractBeanFactory.java:202)
	at org.springframework.beans.factory.config.DependencyDescriptor.resolveCandidate(DependencyDescriptor.java:254)
	at org.springframework.beans.factory.support.DefaultListableBeanFactory.doResolveDependency(DefaultListableBeanFactory.java:1745)
	at org.springframework.beans.factory.support.DefaultListableBeanFactory.resolveDependency(DefaultListableBeanFactory.java:1628)
	at org.springframework.beans.factory.support.ConstructorResolver.resolveAutowiredArgument(ConstructorResolver.java:913)
	at org.springframework.beans.factory.support.ConstructorResolver.createArgumentArray(ConstructorResolver.java:791)
	... 54 common frames omitted
Caused by: org.springframework.beans.factory.UnsatisfiedDependencyException: Error creating bean with name 'repositorioUsuarioImpl' defined in file [/home/dev2/Documents/Java/PDV/backend/target/classes/com/crossmade/pdv/infraestrutura/usuario/RepositorioUsuarioImpl.class]: Unsatisfied dependency expressed through constructor parameter 0: Error creating bean with name 'springDataRepositorioUsuario' defined in com.crossmade.pdv.infraestrutura.usuario.SpringDataRepositorioUsuario defined in @EnableJpaRepositories declared on JpaRepositoriesRegistrar.EnableJpaRepositoriesConfiguration: Cannot resolve reference to bean 'jpaSharedEM_entityManagerFactory' while setting bean property 'entityManager'
	at org.springframework.beans.factory.support.ConstructorResolver.createArgumentArray(ConstructorResolver.java:804)
	at org.springframework.beans.factory.support.ConstructorResolver.autowireConstructor(ConstructorResolver.java:240)
	at org.springframework.beans.factory.support.AbstractAutowireCapableBeanFactory.autowireConstructor(AbstractAutowireCapableBeanFactory.java:1395)
	at org.springframework.beans.factory.support.AbstractAutowireCapableBeanFactory.createBeanInstance(AbstractAutowireCapableBeanFactory.java:1232)
	at org.springframework.beans.factory.support.AbstractAutowireCapableBeanFactory.doCreateBean(AbstractAutowireCapableBeanFactory.java:569)
	at org.springframework.beans.factory.support.AbstractAutowireCapableBeanFactory.createBean(AbstractAutowireCapableBeanFactory.java:529)
	at org.springframework.beans.factory.support.AbstractBeanFactory.lambda$doGetBean$0(AbstractBeanFactory.java:339)
	at org.springframework.beans.factory.support.DefaultSingletonBeanRegistry.getSingleton(DefaultSingletonBeanRegistry.java:373)
	at org.springframework.beans.factory.support.AbstractBeanFactory.doGetBean(AbstractBeanFactory.java:337)
	at org.springframework.beans.factory.support.AbstractBeanFactory.getBean(AbstractBeanFactory.java:202)
	at org.springframework.beans.factory.config.DependencyDescriptor.resolveCandidate(DependencyDescriptor.java:254)
	at org.springframework.beans.factory.support.DefaultListableBeanFactory.doResolveDependency(DefaultListableBeanFactory.java:1745)
	at org.springframework.beans.factory.support.DefaultListableBeanFactory.resolveDependency(DefaultListableBeanFactory.java:1628)
	at org.springframework.beans.factory.support.ConstructorResolver.resolveAutowiredArgument(ConstructorResolver.java:913)
	at org.springframework.beans.factory.support.ConstructorResolver.createArgumentArray(ConstructorResolver.java:791)
	... 68 common frames omitted
Caused by: org.springframework.beans.factory.BeanCreationException: Error creating bean with name 'springDataRepositorioUsuario' defined in com.crossmade.pdv.infraestrutura.usuario.SpringDataRepositorioUsuario defined in @EnableJpaRepositories declared on JpaRepositoriesRegistrar.EnableJpaRepositoriesConfiguration: Cannot resolve reference to bean 'jpaSharedEM_entityManagerFactory' while setting bean property 'entityManager'
	at org.springframework.beans.factory.support.BeanDefinitionValueResolver.resolveReference(BeanDefinitionValueResolver.java:377)
	at org.springframework.beans.factory.support.BeanDefinitionValueResolver.resolveValueIfNecessary(BeanDefinitionValueResolver.java:135)
	at org.springframework.beans.factory.support.AbstractAutowireCapableBeanFactory.applyPropertyValues(AbstractAutowireCapableBeanFactory.java:1725)
	at org.springframework.beans.factory.support.AbstractAutowireCapableBeanFactory.populateBean(AbstractAutowireCapableBeanFactory.java:1474)
	at org.springframework.beans.factory.support.AbstractAutowireCapableBeanFactory.doCreateBean(AbstractAutowireCapableBeanFactory.java:606)
	at org.springframework.beans.factory.support.AbstractAutowireCapableBeanFactory.createBean(AbstractAutowireCapableBeanFactory.java:529)
	at org.springframework.beans.factory.support.AbstractBeanFactory.lambda$doGetBean$0(AbstractBeanFactory.java:339)
	at org.springframework.beans.factory.support.DefaultSingletonBeanRegistry.getSingleton(DefaultSingletonBeanRegistry.java:373)
	at org.springframework.beans.factory.support.AbstractBeanFactory.doGetBean(AbstractBeanFactory.java:337)
	at org.springframework.beans.factory.support.AbstractBeanFactory.getBean(AbstractBeanFactory.java:202)
	at org.springframework.beans.factory.config.DependencyDescriptor.resolveCandidate(DependencyDescriptor.java:254)
	at org.springframework.beans.factory.support.DefaultListableBeanFactory.doResolveDependency(DefaultListableBeanFactory.java:1745)
	at org.springframework.beans.factory.support.DefaultListableBeanFactory.resolveDependency(DefaultListableBeanFactory.java:1628)
	at org.springframework.beans.factory.support.ConstructorResolver.resolveAutowiredArgument(ConstructorResolver.java:913)
	at org.springframework.beans.factory.support.ConstructorResolver.createArgumentArray(ConstructorResolver.java:791)
	... 82 common frames omitted
Caused by: org.springframework.beans.factory.BeanCreationException: Error creating bean with name 'jpaSharedEM_entityManagerFactory': Cannot resolve reference to bean 'entityManagerFactory' while setting constructor argument
	at org.springframework.beans.factory.support.BeanDefinitionValueResolver.resolveReference(BeanDefinitionValueResolver.java:377)
	at org.springframework.beans.factory.support.BeanDefinitionValueResolver.resolveValueIfNecessary(BeanDefinitionValueResolver.java:135)
	at org.springframework.beans.factory.support.ConstructorResolver.resolveConstructorArguments(ConstructorResolver.java:691)
	at org.springframework.beans.factory.support.ConstructorResolver.instantiateUsingFactoryMethod(ConstructorResolver.java:513)
	at org.springframework.beans.factory.support.AbstractAutowireCapableBeanFactory.instantiateUsingFactoryMethod(AbstractAutowireCapableBeanFactory.java:1375)
	at org.springframework.beans.factory.support.AbstractAutowireCapableBeanFactory.createBeanInstance(AbstractAutowireCapableBeanFactory.java:1205)
	at org.springframework.beans.factory.support.AbstractAutowireCapableBeanFactory.doCreateBean(AbstractAutowireCapableBeanFactory.java:569)
	at org.springframework.beans.factory.support.AbstractAutowireCapableBeanFactory.createBean(AbstractAutowireCapableBeanFactory.java:529)
	at org.springframework.beans.factory.support.AbstractBeanFactory.lambda$doGetBean$0(AbstractBeanFactory.java:339)
	at org.springframework.beans.factory.support.DefaultSingletonBeanRegistry.getSingleton(DefaultSingletonBeanRegistry.java:373)
	at org.springframework.beans.factory.support.AbstractBeanFactory.doGetBean(AbstractBeanFactory.java:337)
	at org.springframework.beans.factory.support.AbstractBeanFactory.getBean(AbstractBeanFactory.java:202)
	at org.springframework.beans.factory.support.BeanDefinitionValueResolver.resolveReference(BeanDefinitionValueResolver.java:365)
	... 96 common frames omitted
Caused by: org.springframework.beans.factory.BeanCreationException: Error creating bean with name 'entityManagerFactory' defined in class path resource [org/springframework/boot/autoconfigure/orm/jpa/HibernateJpaConfiguration.class]: Collection 'com.crossmade.pdv.dominio.orcamento.Orcamento.itens' is 'mappedBy' a property named 'orcamentos' which does not exist in the target entity 'com.crossmade.pdv.dominio.orcamento.ItemDoOrcamento'
	at org.springframework.beans.factory.support.AbstractAutowireCapableBeanFactory.initializeBean(AbstractAutowireCapableBeanFactory.java:1826)
	at org.springframework.beans.factory.support.AbstractAutowireCapableBeanFactory.doCreateBean(AbstractAutowireCapableBeanFactory.java:607)
	at org.springframework.beans.factory.support.AbstractAutowireCapableBeanFactory.createBean(AbstractAutowireCapableBeanFactory.java:529)
	at org.springframework.beans.factory.support.AbstractBeanFactory.lambda$doGetBean$0(AbstractBeanFactory.java:339)
	at org.springframework.beans.factory.support.DefaultSingletonBeanRegistry.getSingleton(DefaultSingletonBeanRegistry.java:373)
	at org.springframework.beans.factory.support.AbstractBeanFactory.doGetBean(AbstractBeanFactory.java:337)
	at org.springframework.beans.factory.support.AbstractBeanFactory.getBean(AbstractBeanFactory.java:202)
	at org.springframework.beans.factory.support.BeanDefinitionValueResolver.resolveReference(BeanDefinitionValueResolver.java:365)
	... 108 common frames omitted
Caused by: org.hibernate.AnnotationException: Collection 'com.crossmade.pdv.dominio.orcamento.Orcamento.itens' is 'mappedBy' a property named 'orcamentos' which does not exist in the target entity 'com.crossmade.pdv.dominio.orcamento.ItemDoOrcamento'
	at org.hibernate.boot.model.internal.CollectionBinder.isReversePropertyInJoin(CollectionBinder.java:1638)
	at org.hibernate.boot.model.internal.CollectionBinder.noAssociationTable(CollectionBinder.java:1652)
	at org.hibernate.boot.model.internal.CollectionBinder.bindStarToManySecondPass(CollectionBinder.java:1613)
	at org.hibernate.boot.model.internal.CollectionBinder$1.secondPass(CollectionBinder.java:1604)
	at org.hibernate.boot.model.internal.CollectionSecondPass.doSecondPass(CollectionSecondPass.java:45)
	at org.hibernate.boot.internal.InFlightMetadataCollectorImpl.processSecondPasses(InFlightMetadataCollectorImpl.java:1842)
	at org.hibernate.boot.internal.InFlightMetadataCollectorImpl.processSecondPasses(InFlightMetadataCollectorImpl.java:1800)
	at org.hibernate.boot.model.process.spi.MetadataBuildingProcess.complete(MetadataBuildingProcess.java:334)
	at org.hibernate.jpa.boot.internal.EntityManagerFactoryBuilderImpl.metadata(EntityManagerFactoryBuilderImpl.java:1442)
	at org.hibernate.jpa.boot.internal.EntityManagerFactoryBuilderImpl.build(EntityManagerFactoryBuilderImpl.java:1513)
	at org.springframework.orm.jpa.vendor.SpringHibernateJpaPersistenceProvider.createContainerEntityManagerFactory(SpringHibernateJpaPersistenceProvider.java:66)
	at org.springframework.orm.jpa.LocalContainerEntityManagerFactoryBean.createNativeEntityManagerFactory(LocalContainerEntityManagerFactoryBean.java:390)
	at org.springframework.orm.jpa.AbstractEntityManagerFactoryBean.buildNativeEntityManagerFactory(AbstractEntityManagerFactoryBean.java:419)
	at org.springframework.orm.jpa.AbstractEntityManagerFactoryBean.afterPropertiesSet(AbstractEntityManagerFactoryBean.java:400)
	at org.springframework.orm.jpa.LocalContainerEntityManagerFactoryBean.afterPropertiesSet(LocalContainerEntityManagerFactoryBean.java:366)
	at org.springframework.beans.factory.support.AbstractAutowireCapableBeanFactory.invokeInitMethods(AbstractAutowireCapableBeanFactory.java:1873)
	at org.springframework.beans.factory.support.AbstractAutowireCapableBeanFactory.initializeBean(AbstractAutowireCapableBeanFactory.java:1822)
	... 115 common frames omitted
2025-10-21 17:30:02,108 [main] INFO  com.crossmade.pdv.PdvApplication - Starting PdvApplication using Java 21.0.8 with PID 149463 (/home/dev2/Documents/Java/PDV/backend/target/classes started by dev2 in /home/dev2/Documents/Java/PDV/backend)
2025-10-21 17:30:02,110 [main] DEBUG com.crossmade.pdv.PdvApplication - Running with Spring Boot v3.5.4, Spring v6.2.9
2025-10-21 17:30:02,111 [main] INFO  com.crossmade.pdv.PdvApplication - No active profile set, falling back to 1 default profile: "default"
2025-10-21 17:30:03,128 [main] INFO  o.s.d.r.c.RepositoryConfigurationDelegate - Bootstrapping Spring Data JPA repositories in DEFAULT mode.
2025-10-21 17:30:03,225 [main] INFO  o.s.d.r.c.RepositoryConfigurationDelegate - Finished Spring Data repository scanning in 87 ms. Found 7 JPA repository interfaces.
2025-10-21 17:30:03,854 [main] INFO  o.s.b.w.e.tomcat.TomcatWebServer - Tomcat initialized with port 8080 (http)
2025-10-21 17:30:03,867 [main] INFO  o.a.catalina.core.StandardService - Starting service [Tomcat]
2025-10-21 17:30:03,868 [main] INFO  o.a.catalina.core.StandardEngine - Starting Servlet engine: [Apache Tomcat/10.1.43]
2025-10-21 17:30:03,909 [main] INFO  o.a.c.c.C.[Tomcat].[localhost].[/] - Initializing Spring embedded WebApplicationContext
2025-10-21 17:30:03,909 [main] INFO  o.s.b.w.s.c.ServletWebServerApplicationContext - Root WebApplicationContext: initialization completed in 1751 ms
2025-10-21 17:30:04,078 [main] INFO  o.h.jpa.internal.util.LogHelper - HHH000204: Processing PersistenceUnitInfo [name: default]
2025-10-21 17:30:04,122 [main] INFO  org.hibernate.Version - HHH000412: Hibernate ORM core version 6.6.22.Final
2025-10-21 17:30:04,154 [main] INFO  o.h.c.i.RegionFactoryInitiator - HHH000026: Second-level cache disabled
2025-10-21 17:30:04,471 [main] INFO  o.s.o.j.p.SpringPersistenceUnitInfo - No LoadTimeWeaver setup: ignoring JPA class transformer
2025-10-21 17:30:04,498 [main] INFO  com.zaxxer.hikari.HikariDataSource - HikariPool-1 - Starting...
2025-10-21 17:30:04,664 [main] INFO  com.zaxxer.hikari.pool.HikariPool - HikariPool-1 - Added connection org.postgresql.jdbc.PgConnection@58f7215c
2025-10-21 17:30:04,666 [main] INFO  com.zaxxer.hikari.HikariDataSource - HikariPool-1 - Start completed.
2025-10-21 17:30:04,707 [main] WARN  org.hibernate.orm.deprecation - HHH90000025: PostgreSQLDialect does not need to be specified explicitly using 'hibernate.dialect' (remove the property setting and it will be selected by default)
2025-10-21 17:30:04,732 [main] INFO  o.hibernate.orm.connections.pooling - HHH10001005: Database info:
	Database JDBC URL [Connecting through datasource 'HikariDataSource (HikariPool-1)']
	Database driver: undefined/unknown
	Database version: 16.10
	Autocommit mode: undefined/unknown
	Isolation level: undefined/unknown
	Minimum pool size: undefined/unknown
	Maximum pool size: undefined/unknown
2025-10-21 17:30:05,853 [main] INFO  o.h.e.t.j.p.i.JtaPlatformInitiator - HHH000489: No JTA platform available (set 'hibernate.transaction.jta.platform' to enable JTA platform integration)
2025-10-21 17:30:06,081 [main] INFO  o.s.o.j.LocalContainerEntityManagerFactoryBean - Initialized JPA EntityManagerFactory for persistence unit 'default'
2025-10-21 17:30:06,396 [main] DEBUG c.c.p.a.u.s.JwtFiltroDeAutenticacao - Filter 'jwtFiltroDeAutenticacao' configured for use
2025-10-21 17:30:06,590 [main] INFO  o.s.d.j.r.query.QueryEnhancerFactory - Hibernate is in classpath; If applicable, HQL parser will be used.
2025-10-21 17:30:06,664 [main] INFO  o.s.s.c.a.a.c.InitializeAuthenticationProviderBeanManagerConfigurer$InitializeAuthenticationProviderManagerConfigurer - Global AuthenticationManager configured with AuthenticationProvider bean with name authenticationProvider
2025-10-21 17:30:06,665 [main] WARN  o.s.s.c.a.a.c.InitializeUserDetailsBeanManagerConfigurer$InitializeUserDetailsManagerConfigurer - Global AuthenticationManager configured with an AuthenticationProvider bean. UserDetailsService beans will not be used by Spring Security for automatically configuring username/password login. Consider removing the AuthenticationProvider bean. Alternatively, consider using the UserDetailsService in a manually instantiated DaoAuthenticationProvider. If the current configuration is intentional, to turn off this warning, increase the logging level of 'org.springframework.security.config.annotation.authentication.configuration.InitializeUserDetailsBeanManagerConfigurer' to ERROR
2025-10-21 17:30:06,690 [main] WARN  o.s.b.a.o.j.JpaBaseConfiguration$JpaWebConfiguration - spring.jpa.open-in-view is enabled by default. Therefore, database queries may be performed during view rendering. Explicitly configure spring.jpa.open-in-view to disable this warning
2025-10-21 17:30:07,187 [main] INFO  o.s.b.w.e.tomcat.TomcatWebServer - Tomcat started on port 8080 (http) with context path '/'
2025-10-21 17:30:07,196 [main] INFO  com.crossmade.pdv.PdvApplication - Started PdvApplication in 5.744 seconds (process running for 6.193)
2025-10-21 17:34:24,748 [SpringApplicationShutdownHook] INFO  o.s.b.w.e.tomcat.GracefulShutdown - Commencing graceful shutdown. Waiting for active requests to complete
2025-10-21 17:34:24,750 [tomcat-shutdown] INFO  o.s.b.w.e.tomcat.GracefulShutdown - Graceful shutdown complete
2025-10-21 17:34:24,756 [SpringApplicationShutdownHook] INFO  o.s.o.j.LocalContainerEntityManagerFactoryBean - Closing JPA EntityManagerFactory for persistence unit 'default'
2025-10-21 17:34:24,758 [SpringApplicationShutdownHook] INFO  com.zaxxer.hikari.HikariDataSource - HikariPool-1 - Shutdown initiated...
2025-10-21 17:34:24,762 [SpringApplicationShutdownHook] INFO  com.zaxxer.hikari.HikariDataSource - HikariPool-1 - Shutdown completed.
2025-10-21 17:38:43,403 [main] INFO  com.crossmade.pdv.PdvApplication - Starting PdvApplication using Java 21.0.8 with PID 155762 (/home/dev2/Documents/Java/PDV/backend/target/classes started by dev2 in /home/dev2/Documents/Java/PDV/backend)
2025-10-21 17:38:43,407 [main] DEBUG com.crossmade.pdv.PdvApplication - Running with Spring Boot v3.5.4, Spring v6.2.9
2025-10-21 17:38:43,408 [main] INFO  com.crossmade.pdv.PdvApplication - No active profile set, falling back to 1 default profile: "default"
2025-10-21 17:38:44,489 [main] INFO  o.s.d.r.c.RepositoryConfigurationDelegate - Bootstrapping Spring Data JPA repositories in DEFAULT mode.
2025-10-21 17:38:44,594 [main] INFO  o.s.d.r.c.RepositoryConfigurationDelegate - Finished Spring Data repository scanning in 94 ms. Found 7 JPA repository interfaces.
2025-10-21 17:38:45,326 [main] INFO  o.s.b.w.e.tomcat.TomcatWebServer - Tomcat initialized with port 8080 (http)
2025-10-21 17:38:45,344 [main] INFO  o.a.catalina.core.StandardService - Starting service [Tomcat]
2025-10-21 17:38:45,344 [main] INFO  o.a.catalina.core.StandardEngine - Starting Servlet engine: [Apache Tomcat/10.1.43]
2025-10-21 17:38:45,418 [main] INFO  o.a.c.c.C.[Tomcat].[localhost].[/] - Initializing Spring embedded WebApplicationContext
2025-10-21 17:38:45,419 [main] INFO  o.s.b.w.s.c.ServletWebServerApplicationContext - Root WebApplicationContext: initialization completed in 1924 ms
2025-10-21 17:38:45,634 [main] INFO  o.h.jpa.internal.util.LogHelper - HHH000204: Processing PersistenceUnitInfo [name: default]
2025-10-21 17:38:45,685 [main] INFO  org.hibernate.Version - HHH000412: Hibernate ORM core version 6.6.22.Final
2025-10-21 17:38:45,756 [main] INFO  o.h.c.i.RegionFactoryInitiator - HHH000026: Second-level cache disabled
2025-10-21 17:38:46,179 [main] INFO  o.s.o.j.p.SpringPersistenceUnitInfo - No LoadTimeWeaver setup: ignoring JPA class transformer
2025-10-21 17:38:46,214 [main] INFO  com.zaxxer.hikari.HikariDataSource - HikariPool-1 - Starting...
2025-10-21 17:38:46,452 [main] INFO  com.zaxxer.hikari.pool.HikariPool - HikariPool-1 - Added connection org.postgresql.jdbc.PgConnection@516c20de
2025-10-21 17:38:46,454 [main] INFO  com.zaxxer.hikari.HikariDataSource - HikariPool-1 - Start completed.
2025-10-21 17:38:46,488 [main] WARN  org.hibernate.orm.deprecation - HHH90000025: PostgreSQLDialect does not need to be specified explicitly using 'hibernate.dialect' (remove the property setting and it will be selected by default)
2025-10-21 17:38:46,510 [main] INFO  o.hibernate.orm.connections.pooling - HHH10001005: Database info:
	Database JDBC URL [Connecting through datasource 'HikariDataSource (HikariPool-1)']
	Database driver: undefined/unknown
	Database version: 16.10
	Autocommit mode: undefined/unknown
	Isolation level: undefined/unknown
	Minimum pool size: undefined/unknown
	Maximum pool size: undefined/unknown
2025-10-21 17:38:47,906 [main] INFO  o.h.e.t.j.p.i.JtaPlatformInitiator - HHH000489: No JTA platform available (set 'hibernate.transaction.jta.platform' to enable JTA platform integration)
2025-10-21 17:38:48,138 [main] INFO  o.s.o.j.LocalContainerEntityManagerFactoryBean - Initialized JPA EntityManagerFactory for persistence unit 'default'
2025-10-21 17:38:48,498 [main] DEBUG c.c.p.a.u.s.JwtFiltroDeAutenticacao - Filter 'jwtFiltroDeAutenticacao' configured for use
2025-10-21 17:38:48,834 [main] INFO  o.s.d.j.r.query.QueryEnhancerFactory - Hibernate is in classpath; If applicable, HQL parser will be used.
2025-10-21 17:38:48,910 [main] INFO  o.s.s.c.a.a.c.InitializeAuthenticationProviderBeanManagerConfigurer$InitializeAuthenticationProviderManagerConfigurer - Global AuthenticationManager configured with AuthenticationProvider bean with name authenticationProvider
2025-10-21 17:38:48,911 [main] WARN  o.s.s.c.a.a.c.InitializeUserDetailsBeanManagerConfigurer$InitializeUserDetailsManagerConfigurer - Global AuthenticationManager configured with an AuthenticationProvider bean. UserDetailsService beans will not be used by Spring Security for automatically configuring username/password login. Consider removing the AuthenticationProvider bean. Alternatively, consider using the UserDetailsService in a manually instantiated DaoAuthenticationProvider. If the current configuration is intentional, to turn off this warning, increase the logging level of 'org.springframework.security.config.annotation.authentication.configuration.InitializeUserDetailsBeanManagerConfigurer' to ERROR
2025-10-21 17:38:48,939 [main] WARN  o.s.b.a.o.j.JpaBaseConfiguration$JpaWebConfiguration - spring.jpa.open-in-view is enabled by default. Therefore, database queries may be performed during view rendering. Explicitly configure spring.jpa.open-in-view to disable this warning
2025-10-21 17:38:49,556 [main] INFO  o.s.b.w.e.tomcat.TomcatWebServer - Tomcat started on port 8080 (http) with context path '/'
2025-10-21 17:38:49,567 [main] INFO  com.crossmade.pdv.PdvApplication - Started PdvApplication in 7.134 seconds (process running for 7.925)
2025-10-21 17:42:05,422 [http-nio-8080-exec-1] INFO  o.a.c.c.C.[Tomcat].[localhost].[/] - Initializing Spring DispatcherServlet 'dispatcherServlet'
2025-10-21 17:42:05,422 [http-nio-8080-exec-1] INFO  o.s.web.servlet.DispatcherServlet - Initializing Servlet 'dispatcherServlet'
2025-10-21 17:42:05,424 [http-nio-8080-exec-1] INFO  o.s.web.servlet.DispatcherServlet - Completed initialization in 1 ms
2025-10-21 17:42:05,888 [http-nio-8080-exec-1] INFO  c.c.p.a.u.s.AutenticacaoService - Usuário logado com sucesso: Janaina
2025-10-21 17:42:05,991 [http-nio-8080-exec-1] INFO  c.c.p.a.u.s.AutenticacaoService - Usuário logado com sucesso: Janaina
2025-10-21 17:43:12,823 [http-nio-8080-exec-5] INFO  c.c.p.a.u.s.AutenticacaoService - Usuário logado com sucesso: Janaina
2025-10-21 17:43:34,156 [http-nio-8080-exec-6] INFO  c.c.p.a.u.s.AutenticacaoService - Usuário logado com sucesso: Janaina
2025-10-21 17:50:41,679 [http-nio-8080-exec-10] INFO  c.c.p.a.u.s.AutenticacaoService - Usuário logado com sucesso: Janaina
2025-10-21 17:50:41,768 [http-nio-8080-exec-10] INFO  c.c.p.a.u.s.AutenticacaoService - Usuário logado com sucesso: Janaina
2025-10-21 17:51:06,957 [http-nio-8080-exec-2] INFO  c.c.p.a.u.s.AutenticacaoService - Usuário logado com sucesso: Janaina
2025-10-21 17:51:06,994 [http-nio-8080-exec-2] WARN  o.s.w.s.m.s.DefaultHandlerExceptionResolver - Resolved [org.springframework.http.converter.HttpMessageNotReadableException: JSON parse error: Unexpected character ('}' (code 125)): was expecting double-quote to start field name]
2025-10-21 18:09:23,741 [http-nio-8080-exec-4] INFO  c.c.p.a.u.s.AutenticacaoService - Usuário logado com sucesso: Janaina
2025-10-21 18:09:42,918 [SpringApplicationShutdownHook] INFO  o.s.b.w.e.tomcat.GracefulShutdown - Commencing graceful shutdown. Waiting for active requests to complete
2025-10-21 18:09:42,923 [tomcat-shutdown] INFO  o.s.b.w.e.tomcat.GracefulShutdown - Graceful shutdown complete
2025-10-21 18:09:42,932 [SpringApplicationShutdownHook] INFO  o.s.o.j.LocalContainerEntityManagerFactoryBean - Closing JPA EntityManagerFactory for persistence unit 'default'
2025-10-21 18:09:42,934 [SpringApplicationShutdownHook] INFO  com.zaxxer.hikari.HikariDataSource - HikariPool-1 - Shutdown initiated...
2025-10-21 18:09:42,940 [SpringApplicationShutdownHook] INFO  com.zaxxer.hikari.HikariDataSource - HikariPool-1 - Shutdown completed.
